大分類,POIコード,POI,解説,既存コード,既存コード対象,既存コード説明,参照元,日本標準産業分類コード,日本標準産業分類名
地形,,,,0101,山岳,,観光庁　観光入込客統計に関する共通基準　観光地点等分類コード ,,
地形,0101,山,山、岳、峰、、山脈、山地、高地、高山域・亜高山域　等。,311,山,,国土地理院　電子国土基本図　地物種別コード　注記分類コード,,
地形,,,,312,山、岳、峰等,,国土地理院　電子国土基本図　地物種別コード　注記分類コード,,
地形,,,,,山地（非火山性）景観,,国土交通省　国土数値情報　地域資源データ　類型コード,,
地形,,,,115,高山域・亜高山域,,国土交通省　国土数値情報　地域資源データ　自然景観資源分類コード,,
地形,,,,218,高山域、亜高山域,,国土交通省　国土数値情報　地域資源データ　自然景観資源分類コード,,
地形,,,,201,山脈、山地、高地,,国土交通省　国土数値情報　地域資源データ　自然景観資源分類コード,,
地形,,,,205,非火山性弧峰,,国土交通省　国土数値情報　地域資源データ　自然景観資源分類コード,,
地形,,,,206,U字谷（氷食谷）,,国土交通省　国土数値情報　地域資源データ　自然景観資源分類コード,,
地形,0102,カール,カール、U字谷（氷食谷）　等。,207,カール,,国土交通省　国土数値情報　地域資源データ　自然景観資源分類コード,,
地形,,,,208,非対称山稜,,国土交通省　国土数値情報　地域資源データ　自然景観資源分類コード,,
地形,,,,209,山地　特徴的な稜線,,国土交通省　国土数値情報　地域資源データ　自然景観資源分類コード,,
地形,,,,210,モレーン,,国土交通省　国土数値情報　地域資源データ　自然景観資源分類コード,,
地形,,,,211,二重山稜（綿状凹地）,,国土交通省　国土数値情報　地域資源データ　自然景観資源分類コード,,
地形,0103,崖,断崖・岩壁、岩海、岩峰・岩柱、崖錐　等,212,山地　断崖・岩壁,,国土交通省　国土数値情報　地域資源データ　自然景観資源分類コード,,
地形,,,,213,岩塊斜面、岩海,,国土交通省　国土数値情報　地域資源データ　自然景観資源分類コード,,
地形,,,,214,山地　構造土,,国土交通省　国土数値情報　地域資源データ　自然景観資源分類コード,,
地形,,,,215,山地　岩峰・岩柱,,国土交通省　国土数値情報　地域資源データ　自然景観資源分類コード,,
地形,,,,216,崖錐,,国土交通省　国土数値情報　地域資源データ　自然景観資源分類コード,,
地形,,,,217,山地　天然橋・岩門・石門,,国土交通省　国土数値情報　地域資源データ　自然景観資源分類コード,,
地形,,,,7211,岩がけ,岩でできた急斜面      ,国土交通省　都市計画GIS　地物一覧,,
地形,,,,204,大断層崖,,国土交通省　国土数値情報　地域資源データ　自然景観資源分類コード,,
地形,,,,219,山地　万年雪,,国土交通省　国土数値情報　地域資源データ　自然景観資源分類コード,,
地形,,,,,火山景観,,国土交通省　国土数値情報　地域資源データ　類型コード,,
地形,,,,101,火山群,,国土交通省　国土数値情報　地域資源データ　自然景観資源分類コード,,
地形,0104,火山,火山、地獄、泥火山　等。,102,火山,,国土交通省　国土数値情報　地域資源データ　自然景観資源分類コード,,
地形,,,,103,火山性高原,,国土交通省　国土数値情報　地域資源データ　自然景観資源分類コード,,
地形,,,,104,火口・カルデラ,,国土交通省　国土数値情報　地域資源データ　自然景観資源分類コード,,
地形,0105,カルデラ,カルデラ,105,カルデラ壁,,国土交通省　国土数値情報　地域資源データ　自然景観資源分類コード,,
地形,,,,106,流れ山群,,国土交通省　国土数値情報　地域資源データ　自然景観資源分類コード,,
地形,,,,107,火山　特徴的な稜線,,国土交通省　国土数値情報　地域資源データ　自然景観資源分類コード,,
地形,,,,108,溶岩トンネル・風穴,,国土交通省　国土数値情報　地域資源データ　自然景観資源分類コード,,
地形,,,,109,溶岩流末端崖,,国土交通省　国土数値情報　地域資源データ　自然景観資源分類コード,,
地形,,,,110,地獄、泥火山,,国土交通省　国土数値情報　地域資源データ　自然景観資源分類コード,,
地形,0106,噴火口・噴気孔,噴火口・噴気孔、火口、噴泉、間歇泉　等。,6332,噴火口・噴気孔,火山活動等によりマグマやガスが噴出している、又は噴出してい た穴。 ,国土地理院　電子国土基本図　地物種別コード,,
地形,,,,6221,噴火口・噴気口,現在、噴火または噴気している噴火口及び噴気口      ,国土交通省　都市計画GIS　地物一覧,,
地形,,,,111,噴泉,,国土交通省　国土数値情報　地域資源データ　自然景観資源分類コード,,
地形,,,,112,噴気孔,,国土交通省　国土数値情報　地域資源データ　自然景観資源分類コード,,
地形,,,,113,間歇泉,,国土交通省　国土数値情報　地域資源データ　自然景観資源分類コード,,
地形,,,,114,火山　構造土,,国土交通省　国土数値情報　地域資源データ　自然景観資源分類コード,,
地形,,,,116,火山　万年雪,,国土交通省　国土数値情報　地域資源データ　自然景観資源分類コード,,
地形,,,,203,非火山性高原,,国土交通省　国土数値情報　地域資源データ　自然景観資源分類コード,,
地形,0107,尖峰,尖峰　等。,313,尖峰、丘、塚等,,国土地理院　電子国土基本図　地物種別コード　注記分類コード,,
地形,0108,高原,高原、原　等。,0102,高原,湿原、原野等も含み、観光の対象となっているもの。,観光庁　観光入込客統計に関する共通基準　観光地点等分類コード ,,
地形,0109,丘陵,丘陵　等。,202,丘陵,,国土交通省　国土数値情報　地域資源データ　自然景観資源分類コード,,
地形,0110,湖沼,湖、沼、池、浦　等。人造湖含む。,0103,湖沼,人造湖含む。,観光庁　観光入込客統計に関する共通基準　観光地点等分類コード ,,
地形,,,,321,湖、沼、池、浦等,,国土地理院　電子国土基本図　地物種別コード　注記分類コード,,
地形,,,,701,湖沼,,国土交通省　国土数値情報　地域資源データ　自然景観資源分類コード,,
地形,,,,,湖沼景観,,国土交通省　国土数値情報　地域資源データ　類型コード,,
地形,0111,河川,河川、用水、甌穴群　等。かれ川を含む。,0104,河川,峡谷、滝等を含む。,観光庁　観光入込客統計に関する共通基準　観光地点等分類コード ,,
地形,,,,322,河川、用水等,,国土地理院　電子国土基本図　地物種別コード　注記分類コード,,
地形,,,,,河川景観,,国土交通省　国土数値情報　地域資源データ　類型コード,,
地形,0112,渓谷,峡谷・渓谷、沢、瀬、淵、瀞、谷、峡　等。,601,峡谷・渓谷,,国土交通省　国土数値情報　地域資源データ　自然景観資源分類コード,,
地形,,,,602,河成段丘,,国土交通省　国土数値情報　地域資源データ　自然景観資源分類コード,,
地形,,,,603,自由蛇行河川,,国土交通省　国土数値情報　地域資源データ　自然景観資源分類コード,,
地形,,,,604,穿入蛇行河川,,国土交通省　国土数値情報　地域資源データ　自然景観資源分類コード,,
地形,,,,605,河川　断崖・岩壁,,国土交通省　国土数値情報　地域資源データ　自然景観資源分類コード,,
地形,,,,606,瀞,,国土交通省　国土数値情報　地域資源データ　自然景観資源分類コード,,
地形,,,,607,河川　岩峰・岩柱,,国土交通省　国土数値情報　地域資源データ　自然景観資源分類コード,,
地形,,,,608,淵,,国土交通省　国土数値情報　地域資源データ　自然景観資源分類コード,,
地形,,,,609,河川　甌穴群,,国土交通省　国土数値情報　地域資源データ　自然景観資源分類コード,,
地形,0113,滝,滝。流水が急激に落下する場所。,610,滝,,国土交通省　国土数値情報　地域資源データ　自然景観資源分類コード,,
地形,,,,5521,滝,,国土地理院　電子国土基本図　地物種別コード,,
地形,,,,5226,滝,流水が急激に落下する場所。高さが 3.0m 以上のものを取得する ,国土交通省　都市計画GIS　地物一覧,,
地形,,,,611,河川　天然橋・岩門・石門,,国土交通省　国土数値情報　地域資源データ　自然景観資源分類コード,,
地形,,,,5101,水がい線 （河川） (湖池等) （海岸線）,河川、湖池等の水がい線、および海岸線 河川は、平水時において流水部の幅が 1.0m 以上のも のとするただし、主要な河川等にあっては流水部の幅が 1.0m 未満であっても河川とする湖沼等は、湖、池、沼 等（人工的に貯水したものを含む）を指し、5.0m 平方 以上のものとする      ,国土交通省　都市計画GIS　地物一覧,,
地形,,,,5102,一条河川,流水部の幅が 0.5m 以上、1.0m 未満の河川      ,国土交通省　都市計画GIS　地物一覧,,
地形,,,,51-,かれ川,"通常,水の流れていない川をいい,断続している河川の 流路を明示する場合に取得する",国土交通省　都市計画GIS　地物一覧,,
地形,,,,0722,河川,都市計画法第 11 条第 1 項第 4 号で定められる施設 ,国土交通省　都市計画GIS　地物一覧,,
地形,,,,323,沢、瀬、淵、瀞、谷、峡、雪渓、河原、州、滝、浜、崎、半島、尻、島等,,国土地理院　電子国土基本図　地物種別コード　注記分類コード,,
地形,0114,海岸,海岸、砂丘、岬等,0105,海岸,海岸、砂丘、岬等をいう。海水浴場は、スポーツ・レクリエーションに 分類する。,観光庁「共通基準による観光入込客統計」,,
地形,0115,半島,半島,,海岸景観,,国土交通省　国土数値情報　地域資源データ　類型コード,,
地形,0116,湾,湾,341,海、湾、灘、淵、浦、瀬、海峡、瀬戸等,,国土地理院　電子国土基本図　地物種別コード　注記分類コード,,
地形,0117,海峡,海峡,342,海岸、浜、半島,,国土地理院　電子国土基本図　地物種別コード　注記分類コード,,
地形,0118,岬,岬,343,岬、鼻、崎、磯、敷等,,国土地理院　電子国土基本図　地物種別コード　注記分類コード,,
地形,,,,801,溺れ谷,,国土交通省　国土数値情報　地域資源データ　自然景観資源分類コード,,
地形,,,,802,海成段丘,,国土交通省　国土数値情報　地域資源データ　自然景観資源分類コード,,
地形,,,,803,断層海岸,,国土交通省　国土数値情報　地域資源データ　自然景観資源分類コード,,
地形,,,,804,火山海岸,,国土交通省　国土数値情報　地域資源データ　自然景観資源分類コード,,
地形,,,,805,多島海,,国土交通省　国土数値情報　地域資源データ　自然景観資源分類コード,,
地形,,,,812,海食崖,,国土交通省　国土数値情報　地域資源データ　自然景観資源分類コード,,
地形,,,,813,波食台（ベンチ）,,国土交通省　国土数値情報　地域資源データ　自然景観資源分類コード,,
地形,,,,814,岩礁,,国土交通省　国土数値情報　地域資源データ　自然景観資源分類コード,,
地形,0119,海食洞,海食洞。,815,海食洞,,国土交通省　国土数値情報　地域資源データ　自然景観資源分類コード,,
地形,0120,岩門,天然橋・岩門・石門　等,816,岩門,,国土交通省　国土数値情報　地域資源データ　自然景観資源分類コード,,
地形,0121,潮吹穴,湖吹穴,817,湖吹穴,,国土交通省　国土数値情報　地域資源データ　自然景観資源分類コード,,
地形,,,,818,海岸　甌穴群,,国土交通省　国土数値情報　地域資源データ　自然景観資源分類コード,,
地形,0122,潮流,潮流、渦流,819,潮流、渦流,,国土交通省　国土数値情報　地域資源データ　自然景観資源分類コード,,
地形,0123,海中,自然公園法で海中公園に指定されている地区や海中景観の優れた 地区等。,0106,海中,自然公園法で海中公園に指定されている地区や海中景観の優れた 地区等。,観光庁　観光入込客統計に関する共通基準　観光地点等分類コード ,,
地形,0124,島,群島、列島、島の総称等,0107,島,離島。,観光庁　観光入込客統計に関する共通基準　観光地点等分類コード ,,
地形,,,,351,群島、列島、島の総称等,,国土地理院　電子国土基本図　地物種別コード　注記分類コード,,
地形,,,,352,島,,国土地理院　電子国土基本図　地物種別コード　注記分類コード,,
地形,,,,353,はえ、岩礁等,,国土地理院　電子国土基本図　地物種別コード　注記分類コード,,
地形,,,,0199,その他自然,エコツーリズム(自然環境を対象とし、それらを損なうことなく、それら を体験し学ぶ観光)、グリーンツーリズム(農山漁村地域において自 然、文化、人々との交流を楽しむ滞在型の余暇活動)等は、ここに整理。,観光庁　観光入込客統計に関する共通基準　観光地点等分類コード ,,
地形,0125,岩,岩、露岩、散岩、はえ、岩礁等,332,岩、溶岩、崖、鍾乳洞、温泉、湧水、噴泉、噴火口、峠、坂等,,国土地理院　電子国土基本図　地物種別コード　注記分類コード,,
地形,,,,7212,露岩,一部を地上に露出する岩石河岸、海岸等で露出している岩石を含む      ,国土交通省　都市計画GIS　地物一覧,,
地形,,,,7213,散岩,地表に散在する岩石岩礁を含む      ,国土交通省　都市計画GIS　地物一覧,,
地形,,,,7512,岩,地表に露出、散在する岩石。,国土地理院　電子国土基本図　地物種別コード,,
地形,,,,7206,洞口,自然に形成された穴 ,国土交通省　都市計画GIS　地物一覧,,
地形,0126,サンゴ礁,さんご礁、隆起サンゴ礁,7214,さんご礁,サンゴ虫の遺骸や分泌物から成る石灰質の岩礁で、空中写真で判読できる程度のもの   ,国土交通省　都市計画GIS　地物一覧,,
地形,,,,806,隆起サンゴ礁,,国土交通省　国土数値情報　地域資源データ　自然景観資源分類コード,,
地形,0127,洞窟,洞窟、洞口、風穴　等,,洞窟,,観光庁　観光立国実現に向けた多言語対応の改善・強化のためのガイドライン,,
地形,,,,6338,湿地,常時水を含み、土地が軟弱で湿地性の植生が生育して いる土地      ,国土交通省　都市計画GIS　地物一覧,,
地形,,,,7401,湿地,,国土地理院　電子国土基本図　地物種別コード,,
地形,0128,湿原,湿原、湿地　等。,702,湿原,,国土交通省　国土数値情報　地域資源データ　自然景観資源分類コード,,
地形,,,,6340,砂れき地,砂、またはれきで覆われている土地   ,国土交通省　都市計画GIS　地物一覧,,
地形,,,,7403,砂礫地,砂・れきで覆われている地域を表わす点であり、境界が不 明瞭なもの。 ,国土地理院　電子国土基本図　地物種別コード,,
地形,0129,砂丘,砂丘,,砂丘,,"OpenStreetMap Wiki, JA:Map Features(2017-11-28)",,
地形,,,,811,砂丘,,国土交通省　国土数値情報　地域資源データ　自然景観資源分類コード,,
地形,0130,砂浜,砂浜、礫浜、砂嘴、砂州　等。,,砂浜,,"OpenStreetMap Wiki, JA:Map Features(2017-11-28)",,
地形,,,,807,砂浜、礫浜,,国土交通省　国土数値情報　地域資源データ　自然景観資源分類コード,,
地形,,,,808,砂嘴,,国土交通省　国土数値情報　地域資源データ　自然景観資源分類コード,,
地形,,,,809,砂州,,国土交通省　国土数値情報　地域資源データ　自然景観資源分類コード,,
地形,,,,810,陸けい砂州,,国土交通省　国土数値情報　地域資源データ　自然景観資源分類コード,,
地形,0131,泉,泉、湧泉群　等,,泉,,"OpenStreetMap Wiki, JA:Map Features(2017-11-28)",,
地形,0132,間欠泉,間欠泉,,間欠泉,,"OpenStreetMap Wiki, JA:Map Features(2017-11-28)",,
地形,,,,903,湧泉群,,国土交通省　国土数値情報　地域資源データ　自然景観資源分類コード,,
地形,0133,万年雪,万年雪,7402,万年雪,,国土地理院　電子国土基本図　地物種別コード,,
地形,0134,氷河,氷河,,氷河,,"OpenStreetMap Wiki, JA:Map Features(2017-11-28)",,
地形,0135,干潟,干潟界,7551,干潟界,干潮時には水面上に出て、満潮時には水面下に没する砂、泥 等から成る平坦な地域の境界線。,国土地理院　電子国土基本図　地物種別コード,,
地形,,,,,石灰岩景観,,国土交通省　国土数値情報　地域資源データ　類型コード,,
地形,0136,カルスト,カルスト地形、ポリエ　等。,301,カルスト地形,,国土交通省　国土数値情報　地域資源データ　自然景観資源分類コード,,
地形,,,,302,ポリエ,,国土交通省　国土数値情報　地域資源データ　自然景観資源分類コード,,
地形,,,,303,カッレンフェルト・ドリーネ群,,国土交通省　国土数値情報　地域資源データ　自然景観資源分類コード,,
地形,0137,鍾乳洞,鍾乳洞,304,鍾乳洞,,国土交通省　国土数値情報　地域資源データ　自然景観資源分類コード,,
地形,,,,,陸景特殊地学景観,,国土交通省　国土数値情報　地域資源データ　類型コード,,
地形,0198,陸景その他,陸景で上記以外の際立った地形,,陸景その他,,国土交通省　国土数値情報　地域資源データ　類型コード,,
地形,,,,401,陸景　節理,,国土交通省　国土数値情報　地域資源データ　自然景観資源分類コード,,
地形,,,,402,陸景　岩脈,,国土交通省　国土数値情報　地域資源データ　自然景観資源分類コード,,
地形,,,,501,陸景で上記以外の際立った地形,,国土交通省　国土数値情報　地域資源データ　自然景観資源分類コード,,
地形,,,,502,陸景で顕著な自然現象を記録する地形,,国土交通省　国土数値情報　地域資源データ　自然景観資源分類コード,,
地形,,,,,水景特殊地学景観,,国土交通省　国土数値情報　地域資源データ　類型コード,,
地形,0199,水景その他,水景で上記以外の際立った地形,,水景その他,,国土交通省　国土数値情報　地域資源データ　類型コード,,
地形,,,,901,水景　節理,,国土交通省　国土数値情報　地域資源データ　自然景観資源分類コード,,
地形,,,,902,水景　岩脈,,国土交通省　国土数値情報　地域資源データ　自然景観資源分類コード,,
地形,,,,1001,水景で上記以外の際立った地形,,国土交通省　国土数値情報　地域資源データ　自然景観資源分類コード,,
地形,,,,1002,水景で顕著な自然現象を記録する地形,,国土交通省　国土数値情報　地域資源データ　自然景観資源分類コード,,
自然関連,0201,ジオパーク,ジオパーク,,ジオパーク,,観光庁　観光立国実現に向けた多言語対応の改善・強化のためのガイドライン,,
自然関連,0202,花等の名所,花の名所。草の群生地を含む。,,花の名所,,,,
自然関連,0203,展望台,展望台,,展望台,,観光庁　観光立国実現に向けた多言語対応の改善・強化のためのガイドライン,,
自然関連,0204,展望地,展望地,,展望地,,観光庁　観光立国実現に向けた多言語対応の改善・強化のためのガイドライン,,
自然関連,0205,ビジターセンター,ビジターセンター,,ビジターセンター,,観光庁　観光立国実現に向けた多言語対応の改善・強化のためのガイドライン,,
自然関連,0206,ダム,ダム,5501,ダム,,国土地理院　電子国土基本図　地物種別コード,,
自然関連,,,,521,ダム,,国土地理院　電子国土基本図　地物種別コード　注記分類コード,,
自然関連,,,,52-,ダム,洪水の調節、発電、上水道、農工業等のための各種用 水の貯水を目的として設けられた工作物をいい、砂防ダ ムを含む ,国土交通省　都市計画GIS　地物一覧,,
自然関連,0207,せき,せき,5514,せき,,国土地理院　電子国土基本図　地物種別コード,,
自然関連,,,,522,堰,,国土地理院　電子国土基本図　地物種別コード　注記分類コード,,
自然関連,,,,5227,せき,流水の制御や河床の保護を目的として設けられた工作物、または用水の取得等のため河川を横断して設けられた工作物 ,国土交通省　都市計画GIS　地物一覧,,
自然関連,0208,水門,水門,5515,水門,,国土地理院　電子国土基本図　地物種別コード,,
自然関連,,,,5228,水門,取排水、推量調整のために設けられた工作物主要なものを取得する,国土交通省　都市計画GIS　地物一覧,,
自然関連,,,,523,河川・海岸施設（水門、堤防）,,国土地理院　電子国土基本図　地物種別コード　注記分類コード,,
自然関連,0209,運河,運河、その他の水路,0723,運河,都市計画法第 11 条第 1 項第 4 号で定められる施設 ,国土交通省　都市計画GIS　地物一覧,,
自然関連,,,,0724,その他の水路,都市計画法第 11 条第 1 項第 4 号で定められる施設 ,国土交通省　都市計画GIS　地物一覧,,
自然関連,,,,6351,採鉱地,鉱物を採掘している場所,国土地理院　電子国土基本図　地物種別コード,,
自然関連,0210,溜池等,調整池、ため池、溜池　等,,調整池,,"OpenStreetMap Wiki, JA:Map Features(2017-11-28)",,
自然関連,0211,海の駅,海の駅,,,,,,
自然関連,0299,その他自然関連,,,,,,,
土地利用,0301,田,水稲、蓮、い草、わさび、セリ等の耕作地。 ,6311,田,水稲、蓮、い草、わさび、セリ等の耕作地。 ,国土地理院　電子国土基本図　地物種別コード,011,耕種農業
土地利用,,,,6311,田,水稲、蓮、い草、わさび、せり等を栽培している土地      ,国土交通省　都市計画GIS　地物一覧,,
土地利用,0302,畑,陸稲、野菜、芝、牧草、桑、庭木等の耕作地。,6312,畑,陸稲、野菜、芝、牧草、桑、庭木等の耕作地。,国土地理院　電子国土基本図　地物種別コード,011,耕種農業
土地利用,,,,6313,畑,陸稲、野菜、芝、牧草等を栽培している土地      ,国土交通省　都市計画GIS　地物一覧,,
土地利用,0303,茶畑,茶の耕作地。,6313,茶畑,茶の耕作地。,国土地理院　電子国土基本図　地物種別コード,,
土地利用,,,,6318,茶畑,茶を栽培している土地      ,国土交通省　都市計画GIS　地物一覧,,
土地利用,0304,果樹園,りんご、みかん、梨、桃、栗、ぶどう等の果樹の耕作地。 ,6314,果樹園,りんご、みかん、梨、桃、栗、ぶどう等の果樹の耕作地。 ,国土地理院　電子国土基本図　地物種別コード,,
土地利用,,,,6319,果樹園,果樹を栽培している土地      ,国土交通省　都市計画GIS　地物一覧,,
土地利用,0305,さとうきび畑,さとうきびを栽培している土地      ,6314,さとうきび畑,さとうきびを栽培している土地      ,国土交通省　都市計画GIS　地物一覧,,
土地利用,0306,パイナップル畑,パイナップルを栽培している土地      ,6315,パイナップル畑,パイナップルを栽培している土地      ,国土交通省　都市計画GIS　地物一覧,,
土地利用,0307,わさび畑,わさび畑,6316,わさび畑,,公共測量標準図式 数値地形図データ取得分類コード表 ,,
土地利用,0308,桑畑,桑を栽培している土地      ,6317,桑畑,桑を栽培している土地      ,国土交通省　都市計画GIS　地物一覧,,
土地利用,0309,ブドウ園,ブドウを栽培している土地      ,,ブドウ園,,"OpenStreetMap Wiki, JA:Map Features(2017-11-28)",,
土地利用,0310,その他の樹木畑,桐、はぜ、こうぞ、庭木等を栽培している土地、および苗木畑,6321,その他の樹木畑,桐、はぜ、こうぞ、庭木等を栽培している土地、および苗木畑,国土交通省　都市計画GIS　地物一覧,,
土地利用,0311,市民菜園,市民菜園,,市民菜園,,"OpenStreetMap Wiki, JA:Map Features(2017-11-28)",,
土地利用,0312,森,林も含む。,331,高原、原、森、林、砂丘、湿原,,国土地理院　電子国土基本図　地物種別コード　注記分類コード,,
土地利用,0313,広葉樹林,ケヤキ、サクラ、ブナ等の広葉樹が密生している土地。,6321,広葉樹林,ケヤキ、サクラ、ブナ等の広葉樹が密生している土地。,国土地理院　電子国土基本図　地物種別コード,,
土地利用,,,,6331,広葉樹林,樹高2.0m 以上の広葉樹が密生している地域ただし、植林地は樹高 2.0m 未満でも含まれる     ,国土交通省　都市計画GIS　地物一覧,,
土地利用,0314,針葉樹林,マツ、スギ、ヒノキ等の針葉樹が密生している土地。 ,6322,針葉樹林,マツ、スギ、ヒノキ等の針葉樹が密生している土地。 ,国土地理院　電子国土基本図　地物種別コード,,
土地利用,,,,6332,針葉樹林,樹高2.0m 以上の針葉樹が密生している地域ただし、植林地は樹高 2.0m 未満でも含まれる      ,国土交通省　都市計画GIS　地物一覧,,
土地利用,0315,独立樹 （広葉樹）,幅の広い葉をつける単独の大きな樹木、または数株の大きな樹木が集合するもの,4221,独立樹 （広葉樹）,幅の広い葉をつける単独の大きな樹木、または数株の大きな樹木が集合するもの著名なものを取得する ,国土交通省　都市計画GIS　地物一覧,,
土地利用,0316,独立樹 （針葉樹）,裸子植物で葉が針状または鱗片状の単独の大きな樹 木または数株の大きな樹木が集合するもの,4222,独立樹 （針葉樹）,裸子植物で葉が針状または鱗片状の単独の大きな樹 木または数株の大きな樹木が集合するもの著名なものを 取得する      ,国土交通省　都市計画GIS　地物一覧,,
土地利用,0317,竹林,竹林,6323,竹林,竹が密生している土地,国土地理院　電子国土基本図　地物種別コード,,
土地利用,,,,6333,竹林,樹高 2.0m 以上の竹林が密生している地域ただし、植林地は樹高 2.0m 未満でも含まれる      ,国土交通省　都市計画GIS　地物一覧,,
土地利用,0318,ヤシ科樹林,ヤシ科植物が密生している土地,6324,ヤシ科樹林,ヤシ科植物が密生している土地,国土地理院　電子国土基本図　地物種別コード,,
土地利用,,,,6337,やし科樹林,やし科、へご科、たこのき科等の植物が密生している地域      ,国土交通省　都市計画GIS　地物一覧,,
土地利用,0319,はい松地,ハイマツなどの樹高が低い松が密生している土地,6325,ハイマツ地,ハイマツなどの樹高が低い松が密生している土地,国土地理院　電子国土基本図　地物種別コード,,
土地利用,,,,6335,はい松地,はい松、またはわい性松の密生している地域      ,国土交通省　都市計画GIS　地物一覧,,
土地利用,0320,笹地,笹又は篠竹が密生している土地。,6326,笹地,笹又は篠竹が密生している土地。,国土地理院　電子国土基本図　地物種別コード,,
土地利用,,,,6336,しの地（笹地）,しの、または笹の密生している地域      ,国土交通省　都市計画GIS　地物一覧,,
土地利用,0321,荒地,裸地及び雑草地。,6327,荒地,裸地及び雑草地。,国土地理院　電子国土基本図　地物種別コード,,
土地利用,,,,6334,荒地,裸地および雑草地等の地域      ,国土交通省　都市計画GIS　地物一覧,,
土地利用,0322,塩田,塩田,,塩田,,"OpenStreetMap Wiki, JA:Map Features(2017-11-28)",,
土地利用,0323,芝地,芝を植えて管理している庭園、ゴルフ場及び運動場などの土地      ,6323,芝地,芝を植えて管理している庭園、ゴルフ場及び運動場などの土地      ,国土交通省　都市計画GIS　地物一覧,,
土地利用,0324,牧場,牧場,,牧場,,"OpenStreetMap Wiki, JA:Map Features(2017-11-28)",012,畜産農業
土地利用,0325,牧草地,牧草地,,牧草地,,"OpenStreetMap Wiki, JA:Map Features(2017-11-28)",012,畜産農業
土地利用,0326,石切場・採石場,石切場・採石場,,,,,,
土地利用,0327,花壇,花壇,6213,花壇,,公共測量標準図式 数値地形図データ取得分類コード表 ,,
土地利用,0328,空地,空地,6211,空地,,公共測量標準図式 数値地形図データ取得分類コード表 ,,
土地利用,0399,その他土地,,,,,,,
建物,0401,住宅,住宅,,住宅,,"OpenStreetMap Wiki, JA:Map Features(2017-11-28)",,
建物,0402,農家,農家,,農家,,"OpenStreetMap Wiki, JA:Map Features(2017-11-28)",,
建物,0403,集合住宅,集合住宅,,集合住宅,,"OpenStreetMap Wiki, JA:Map Features(2017-11-28)",,
建物,0404,寮,寮,,寮,,"OpenStreetMap Wiki, JA:Map Features(2017-11-28)",,
建物,0405,オフィスビル,オフィスビル,,オフィスビル,,"OpenStreetMap Wiki, JA:Map Features(2017-11-28)",,
建物,0406,コワーキングスペース,コワーキングスペース,,コワーキングスペース,,"OpenStreetMap Wiki, JA:Map Features(2017-11-28)",,
建物,0407,工場,工場,3548,工場,工場は、注記で表示することを原則とするが、小規模なものは記号で表示する,国土交通省　都市計画GIS　地物一覧,,
建物,0408,造船所,船舶の製造・修理設備として造船台，ドック若しくは引揚船台を有し，船舶を製造又は修理する事業所,,造船所,,"OpenStreetMap Wiki, JA:Map Features(2017-11-28)",3131,船舶製造・修理業
建物,0409,製鉄所,高炉により銑鉄を製造する事業所,,,,,2211,高炉による製鉄業
建物,0410,石油化学コンビナート,石油化学コンビナート,,,,,,
建物,0411,家畜小屋,家畜小屋,,家畜小屋,,"OpenStreetMap Wiki, JA:Map Features(2017-11-28)",012,畜産農業
建物,0499,その他建物,,,,,,,
目標物,0501,風車,羽に風を受けて動力源とすることを目的に構築された構造物。 ,4102,風車,羽に風を受けて発電することを目的に構築された構造物で、発電 出力が1000kw以上のもの。 ,国土地理院　電子国土基本図　地物種別コード,,
目標物,0502,水車,羽に水を受けて動力源することを目的に構築された構造物。 ,,水車,,観光庁　観光立国実現に向けた多言語対応の改善・強化のためのガイドライン,,
目標物,0503,煙突,屋内で排出されるガスを屋外に導くための長い筒状の突起物。,4101,煙突,屋内で排出されるガスを屋外に導くための長い筒状の突起物で高 さがおおむね60ｍ以上のもの。 ,国土地理院　電子国土基本図　地物種別コード,,
目標物,,,,4234,煙突,煙を外部に排出するためにつくられた筒型の装置規模の大きなものを取得する ,国土交通省　都市計画GIS　地物一覧,,
目標物,0504,油田・ガス田,油、ガス等を採掘するための井戸。 ,4103,油井・ガス井,油、ガス等を採掘するための井戸。 ,国土地理院　電子国土基本図　地物種別コード,,
目標物,,,,4225,油井・ガス井,石油を採取するためのやぐらを設けた井戸、または天然ガ スを噴出する井戸のうち、現に採取中のもの      ,国土交通省　都市計画GIS　地物一覧,,
目標物,0505,高塔,特に高くそびえている工作物。送電線の鉄塔、教会の鐘楼、展望台、独立した給水塔は除く。,4201,高塔,高さが概ね60ｍ以上の五重塔、展望台等の高い塔で送電線鉄塔を除く。,国土地理院　電子国土基本図　地物種別コード,,
目標物,,,,4235,高塔,特に高くそびえている工作物のうち、送電線の鉄塔、境界の鐘楼、展望台、独立した給水塔等記号が定められていないもの ,国土交通省　都市計画GIS　地物一覧,,
目標物,0506,坑口,人工の鉱坑及び自然に形成された穴の入口。,4202,坑口,人工の鉱坑及び自然に形成された穴の入口で穴の入口の大きさが 概ね10ｍ以上のもの。 ,国土地理院　電子国土基本図　地物種別コード,,
目標物,,,,4219,坑口,鉱坑の入口、および河川が地下に出入りする部分ただ し、一条河川が道路、または鉄道と交会する部分における坑口は含まない      ,国土交通省　都市計画GIS　地物一覧,,
目標物,,,,511,構造物名称（高塔、煙突等）,,国土地理院　電子国土基本図　地物種別コード　注記分類コード,,
目標物,0507,巨大構造物,巨大な大仏、観覧車等といった構造物。,4301,巨大構造物,巨大な大仏、観覧車等といった、高さが概ね60ｍ以上の構造物。 ,国土地理院　電子国土基本図　地物種別コード,,
目標物,0508,給水塔,給水塔,,給水塔,,,,
目標物,0509,サイロ,サイロ,,サイロ,,"OpenStreetMap Wiki, JA:Map Features(2017-11-28)",,
目標物,0510,タンク,水、油、ガス及び飼料等を貯蔵するため地上に設置された構造物。石油・ガス備蓄基地を含む。,4302,タンク,直径又は短辺が概ね25ｍ以上の、水、油、ガス及び飼料等を貯蔵 するため地上に設置された構造物,国土地理院　電子国土基本図　地物種別コード,,
目標物,,,,4231,タンク,石油、ガス等のタンク ,国土交通省　都市計画GIS　地物一覧,,
目標物,0511,クレーン,重量物を動力でつり上げ、上下・左右・前後に移動させる機械で、常設された規模の大きいもの,4228,起重機,重量物を動力でつり上げ、上下・左右・前後に移動させる機械で、常設された規模の大きいもの ,国土交通省　都市計画GIS　地物一覧,,
目標物,0512,電波塔,テレビ、ラジオ、無線電信等の送受信を目的に構築された塔 ,4236,電波塔,テレビ、ラジオ、無線電信等の送受信を目的に構築された塔 ,国土交通省　都市計画GIS　地物一覧,,
目標物,0513,公衆電気通信施設,公衆電気通信施設,0742,公衆電気通信施設,都市計画法第11条第1項第11号で定められる施設 （政令第 5 条） ,国土交通省　都市計画GIS　地物一覧,,
目標物,0514,火の見,火の見,4233,火の見,,公共測量標準図式 数値地形図データ取得分類コード表 ,,
目標物,0599,その他目標物,,,,,,,
歴史文化,0601,遺跡,遺跡,,遺跡,,"OpenStreetMap Wiki, JA:Map Features(2017-11-28)",,
,0602,古墳,古墳,,古墳,,公共測量標準図式 数値地形図データ取得分類コード表 ,,
歴史文化,0603,史跡,史跡,0201,史跡,古墳、貝塚、城跡、古戦場等。,観光庁　観光入込客統計に関する共通基準　観光地点等分類コード ,,
歴史文化,0604,天然記念物,文化財保護法に基づく史跡名勝天然記念物。 ,6341,史跡・名勝・天然記念物,文化財保護法に基づく史跡名勝天然記念物。 ,国土地理院　電子国土基本図　地物種別コード,,
歴史文化,,,,532,史跡名勝天然記念物,,国土地理院　電子国土基本図　地物種別コード　注記分類コード,,
歴史文化,0605,名勝,名勝,,名勝,,観光庁　観光立国実現に向けた多言語対応の改善・強化のためのガイドライン,,
歴史文化,0606,文化的景観,文化的景観,,文化的景観,,国土交通省　国土数値情報　文化施設データ　種別大区分コード,,
歴史文化,0607,城,天守あるいはやぐらを有する城。（復元されたものも含む。）,0202,城,天守あるいはやぐらを有する城。（復元されたものも含む。城跡は史跡で整理する。）,観光庁　観光入込客統計に関する共通基準　観光地点等分類コード ,,
歴史文化,0608,城跡,城があった場所。,6342,城跡,城があった場所。,国土地理院　電子国土基本図　地物種別コード,,
歴史文化,0609,古戦場,古戦場,,古戦場,,"OpenStreetMap Wiki, JA:Map Features(2017-11-28)",,
歴史文化,0610,歴史的建造物,歴史的建造物、デザインの優れた建造物（橋や駅、ビル、タワー、ダ ム等）。歴史的文化価値のある建造物そのものが観光利用の対象と なっているもの。,0212,歴史的建造物,歴史的建造物、デザインの優れた建造物（橋や駅、ビル、タワー、ダ ム等）。歴史的文化価値のある建造物そのものが観光利用の対象と なっているもの。,観光庁　観光入込客統計に関する共通基準　観光地点等分類コード ,,
歴史文化,0611,庭園,庭園,0204,庭園,,観光庁　観光入込客統計に関する共通基準　観光地点等分類コード ,,
歴史文化,,,,0299,その他歴史,,観光庁　観光入込客統計に関する共通基準　観光地点等分類コード ,,
歴史文化,0612,記念碑,ある物事を記念し、後世に伝えるために建てたもの,4104,記念碑,,国土地理院　電子国土基本図　地物種別コード,,
歴史文化,0613,石碑,石碑,4202,記念碑,ある物事を記念し、後世に伝えるために建てた碑規模が大きなものを取得する ,国土交通省　都市計画GIS　地物一覧,,
歴史文化,0614,門,石、コンクリート、れんが等でできた堅牢な門柱。,3401,門,石、コンクリート、れんが等でできた堅牢な門柱を有する もので、1.25m 以上の大きさのもの ,国土交通省　都市計画GIS　地物一覧,,
歴史文化,0615,屋門,神社、仏閣等における規模の大きな屋門。,3402,屋門,神社、仏閣等における規模の大きな屋門,国土交通省　都市計画GIS　地物一覧,,
歴史文化,0616,鳥居,神社の参道入口に立てて神域を示す一種の門 。,4207,鳥居,神社の参道入口に立てて神域を示す一種の門 ,国土交通省　都市計画GIS　地物一覧,,
歴史文化,0617,立像,立っている姿の像,4203,立像,立っている姿の像規模が大きなものを取得する      ,国土交通省　都市計画GIS　地物一覧,,
歴史文化,0618,路傍祠,路傍にある地蔵または道祖神特に著名なもの、または好目標となるもの。,4204,路傍祠,路傍にある地蔵、石碑または道祖神特に著名なもの、または好目標となるものを取得する      ,国土交通省　都市計画GIS　地物一覧,,
歴史文化,0619,灯ろう,灯火をともす器具。,4205,灯ろう,灯火をともす器具規模が大きく主要なものについて取得 する      ,国土交通省　都市計画GIS　地物一覧,,
歴史文化,0620,蔵,蔵,,蔵,,観光庁　観光立国実現に向けた多言語対応の改善・強化のためのガイドライン,,
歴史文化,0621,歴史的街並み,歴史的まち並み、旧街道,0205,歴史的まち並み、旧街道,,観光庁　観光入込客統計に関する共通基準　観光地点等分類コード ,,
歴史文化,0622,古民家,古民家,,古民家,,観光庁　観光立国実現に向けた多言語対応の改善・強化のためのガイドライン,,
歴史文化,0623,武家屋敷,武家屋敷,,武家屋敷,,観光庁　観光立国実現に向けた多言語対応の改善・強化のためのガイドライン,,
歴史文化,0624,町屋/町家,町屋/町家,,町屋/町家,,観光庁　観光立国実現に向けた多言語対応の改善・強化のためのガイドライン,,
歴史文化,0699,その他歴史文化,,,,,,,
宗教施設,,,,0203,神社・仏閣,,観光庁　観光入込客統計に関する共通基準　観光地点等分類コード ,,
宗教施設,0701,神社,通常の神社（神道協会、神道教団その他これに類する場合を除 く）。,3231,神社,通常の神社（神道協会、神道教団その他これに類する場合を除 く）。,国土地理院　電子国土基本図　地物種別コード,,
宗教施設,,,,661,神社,,国土地理院　電子国土基本図　地物種別コード　注記分類コード,,
宗教施設,,,,3521,神社,神社は注記で表示することを原則とするが、小規模のものは記号で表示する      ,国土交通省　都市計画GIS　地物一覧,,
宗教施設,0702,寺院,通常の寺院。 ,3232,寺院,通常の寺院。 ,国土地理院　電子国土基本図　地物種別コード,,
宗教施設,,,,662,寺院,,国土地理院　電子国土基本図　地物種別コード　注記分類コード,,
宗教施設,,,,3522,寺院,寺院は注記で表示することを原則とするが、小規模のものは記号で表示する      ,国土交通省　都市計画GIS　地物一覧,,
宗教施設,0703,教会,教会,3523,キリスト教会,キリスト教会は注記で表示することを原則とするが、小規模のものは記号で表示する ,国土交通省　都市計画GIS　地物一覧,,
宗教施設,0704,モスク,モスク,,モスク,,"OpenStreetMap Wiki, JA:Map Features(2017-11-28)",,
宗教施設,0799,その他宗教施設,,,,,,,
文化・教養,0801,博物館,博物館等の定めにないものも含む。 ,0206,博物館,博物館等の定めにないものも含む。 ,観光庁　観光入込客統計に関する共通基準　観光地点等分類コード ,8213,博物館、美術館
文化・教養,,,,3216,博物館法の登録博物館・博物館相当施設,博物館法による登録博物館及び博物館相当施設。水族館及び動植物園は含まない。 ,国土地理院　電子国土基本図　地物種別コード,8213,博物館、美術館
文化・教養,0802,美術館,ギャラリー、絵画館を含む。,0207,美術館,ギャラリー、絵画館を含む。,観光庁　観光入込客統計に関する共通基準　観光地点等分類コード ,8213,博物館、美術館
文化・教養,0803,記念・資料館,記念・資料館,0208,記念・資料館,,観光庁　観光入込客統計に関する共通基準　観光地点等分類コード ,,
文化・教養,0804,動物園,サファリパーク、鳥類園を含む。,0209,動・植物園,サファリパーク、鳥類園を含む。,観光庁　観光入込客統計に関する共通基準　観光地点等分類コード ,8214,動物園、植物園、水族館
文化・教養,0805,植物園,植物園,,,,,,
文化・教養,0806,野鳥観察所,野鳥観察所,,野鳥観察所,,"OpenStreetMap Wiki, JA:Map Features(2017-11-28)",,
文化・教養,0807,水族館,水族館,0210,水族館,,観光庁　観光入込客統計に関する共通基準　観光地点等分類コード ,,
文化・教養,0808,その他生き物施設,その他生き物施設。昆虫園　等。,651,水族館・動植物園,,国土地理院　電子国土基本図　地物種別コード　注記分類コード,,
文化・教養,0809,産業観光施設,産業観光（歴史的・文化的価値のある工場等やその遺構、機械器具、最先端の技術を備えた工場等を対象とした観光で、学びや体験 を伴うもの。） ,0211,産業観光,産業観光（歴史的・文化的価値のある工場等やその遺構、機械器具、最先端の技術を備えた工場等を対象とした観光で、学びや体験 を伴うもの。） 例：ワイナリー、ビール園、酒造見学等。,観光庁　観光入込客統計に関する共通基準　観光地点等分類コード ,,
文化・教養,0899,その他の主要・著名な建物,,681,その他の主要・著名な建物,,国土地理院　電子国土基本図　地物種別コード　注記分類コード,,
温泉等,,,,0301,温泉地,温泉法に基づくもの。 「○○温泉」と同じ名のつくエリアの宿泊及び日帰りの温泉施設全体 を一つの地点として取り扱う。なお湯畑等の観光施設を別地点としても差し支えかまわない,観光庁　観光入込客統計に関する共通基準　観光地点等分類コード ,,
温泉等,,,,0399,その他温泉・健康,温泉法に基づかない温泉類似施設。スーパー銭湯等については日常利用の多寡に留意する。ヘルスツーリズム（自然豊かな地域を訪 れ、そこにある自然、温泉や身体に優しい料理を味わい、心身ともに 癒され、健康を回復・増進・保持する新しい観光形態）。,観光庁　観光入込客統計に関する共通基準　観光地点等分類コード ,,
温泉等,0901,温泉,温泉法に基づくもの。 「○○温泉」と同じ名のつくエリアの宿泊及び日帰りの温泉施設全体 を一つの地点として取り扱う。なお湯畑等の観光施設を別地点としても差し支えかまわない,6331,温泉,温泉法に基づく温泉及び鉱泉の泉源位置又は宿泊施設。,国土地理院　電子国土基本図　地物種別コード,,
温泉等,0902,鉱泉,温泉法に基づく鉱泉   ,6222,温泉・鉱泉,温泉法に基づく温泉及び鉱泉   ,国土交通省　都市計画GIS　地物一覧,,
温泉等,0903,銭湯,温泉法に基づかない温泉類似施設、スーパー銭湯、銭湯　等,,銭湯,,観光庁　観光立国実現に向けた多言語対応の改善・強化のためのガイドライン,784,一般公衆浴場業
温泉等,0904,足湯,足湯,,フットバス,,"OpenStreetMap Wiki, JA:Map Features(2017-11-28)",,
温泉等,0999,その他入浴施設,,,,,,,
レクリエーション,1001,観光案内所,観光案内所、ツーリストインフォメーション,,観光案内所,,"OpenStreetMap Wiki, JA:Map Features(2017-11-28)",,
レクリエーション,1002,自然公園,自然公園地域とは、優れた自然の風景地で、その保護および利用の増進を図る必要がある地域であり、自然公園法第2条第1項自然公園（国立公園、国定公園及び都道府県立自然公園）として指定されることが相当な地域。,,自然公園,自然公園地域とは、優れた自然の風景地で、その保護および利用の増進を図る必要がある地域であり、自然公園法第2条第1項自然公園（国立公園、国定公園及び都道府県立自然公園）として指定されることが相当な地域。,国土交通省　国土数値情報　自然公園地域データ,,
レクリエーション,1003,都市公園,街区公園、近隣公園、地区公園（カントリーパーク）、総合公園、運動公園、広域公園、レクリエーション都市、国営公園、特殊公園（風致公園、動植物公園、歴史公園、墓園）、緩衝緑地、都市緑地、緑道、都市林、広場公園,,都市公園,街区公園、近隣公園、地区公園（カントリーパーク）、総合公園、運動公園、広域公園、レクリエーション都市、国営公園、特殊公園（風致公園、動植物公園、歴史公園、墓園）、緩衝緑地、都市緑地、緑道、都市林、広場公園,国土交通省　国土数値情報　都市公園データ,,
レクリエーション,,,,0407,公園,イベントの開催やピクニック等の目的となる公園を対象とし、施設のない公園や総合運動公園で日常利用者が大半を占めるものは含まない。,観光庁　観光入込客統計に関する共通基準　観光地点等分類コード ,8051,公園
レクリエーション,,,,534,公園,,国土地理院　電子国土基本図　地物種別コード　注記分類コード,,
レクリエーション,,,,6201,公園,地方公共団体及び国が設置する都市基幹公園、大規模公園及び国営公,国土地理院　電子国土基本図　地物種別コード,,
レクリエーション,,,,0708,公園,都市計画法第 11 条第 1 項第 2 号で定められる施設 ,国土交通省　都市計画GIS　地物一覧,,
レクリエーション,,,,,バーベキュー場,,"OpenStreetMap Wiki, JA:Map Features(2017-11-28)",,
レクリエーション,1004,庭園,庭園,6214,園庭,公園、宅地、道路の分離帯及び工場等の周辺に ある鑑賞あるいは隠ぺいのために栽培する潅木の集,国土交通省　都市計画GIS　地物一覧,,
レクリエーション,1005,緑地,緑地,0709,緑地,都市計画法第 11 条第 1 項第 2 号で定められる施設 ,国土交通省　都市計画GIS　地物一覧,,
レクリエーション,1006,広場,広場,0710,広場,都市計画法第 11 条第 1 項第 2 号で定められる施設 ,国土交通省　都市計画GIS　地物一覧,,
レクリエーション,1007,噴水,噴水,,噴水,,,,
レクリエーション,,,,0712,その他の公共空地 （運動場他）,都市計画法第 11 条第 1 項第 2 号で定められる施設 ,国土交通省　都市計画GIS　地物一覧,,
レクリエーション,1008,遊園地,各種遊戯施設により娯楽を提供する施設。,0408,レジャーランド・遊園地,【日本標準産業分類における定義】 各種遊戯施設により娯楽を提供する事業所をいう。 【特定サービス産業実態調査（経済産業省）における定義】 樹木、池等自然の環境を有し、かつ、有料の各種遊戯施設を配置し、客に娯楽を提供する業務を営む事業所(客が直接に硬貨・メダル・ カード等を投入するものを除き、3 種類以上の遊戯施設を有するも の)をいう。,観光庁　観光入込客統計に関する共通基準　観光地点等分類コード ,8052,遊園地
レクリエーション,1009,テーマパーク,文化，歴史，科学等に関する特定のテーマに基づき施設全体の環境 づくりを行い，各種遊戯施設により娯楽を提供する施設。 特定のテーマのもとに施設全体の環境づくりを行い、 テーマに関連するアトラクションを有し、パレードやイベント等のソフト を組み込んで、空間全体を演出して娯楽を提供する施設。,0409,テーマパーク,【日本標準産業分類における定義】 文化，歴史，科学等に関する特定のテーマに基づき施設全体の環境 づくりを行い，各種遊戯施設により娯楽を提供する事業所をいう。 【特定サービス産業実態調査（経済産業省）における定義】 入場料をとり、特定のテーマのもとに施設全体の環境づくりを行い、 テーマに関連するアトラクションを有し、パレードやイベント等のソフト を組み込んで、空間全体を演出して娯楽を提供する事業所をいう。,観光庁　観光入込客統計に関する共通基準　観光地点等分類コード ,8053,テーマパーク
レクリエーション,1010,体験施設,,,体験施設,,"OpenStreetMap Wiki, JA:Map Features(2017-11-28)",,
レクリエーション,,,,0499,その他スポーツ・レクリエーション,,観光庁　観光入込客統計に関する共通基準　観光地点等分類コード ,,
レクリエーション,,,,531,土地利用名（演習場、ゴルフ場、遊園地、建設予定地等）,,国土地理院　電子国土基本図　地物種別コード　注記分類コード,,
レクリエーション,1011,映画館,映画館,,映画館,,国土交通省　国土数値情報　集客施設データ　施設区分コード,801,映画館
レクリエーション,1012,劇場,劇場,,劇場・演劇場,,国土交通省　国土数値情報　集客施設データ　施設区分コード,8021,劇場
レクリエーション,1013,演劇場,演劇場,,劇場,,観光庁　観光立国実現に向けた多言語対応の改善・強化のためのガイドライン,,
レクリエーション,1014,寄席,寄席,,,,,,
レクリエーション,1015,演舞場,演舞場,,,,,,
レクリエーション,1016,ホール,ホール,,ホール,,東京都　国内外旅行者のためのわかりやすい案内サイン標準化指針【東京都版対訳表】,,
レクリエーション,1017,展示場,展示場,,展示場,,国土交通省　国土数値情報　集客施設データ　施設区分コード,,
レクリエーション,,,,,寄席を有する体育館・観覧場,,国土交通省　国土数値情報　集客施設データ　施設区分コード,8022,興業場
レクリエーション,,,,,その他集客施設,,国土交通省　国土数値情報　集客施設データ　施設区分コード,,
レクリエーション,1018,遊技場,ビリヤード場、囲碁・将棋所、マージャンクラブ、パチンコホール、ゲームセンター、その他の遊技場,,遊戯施設,（パチンコ、競馬、競輪、競艇等）,"OpenStreetMap Wiki, JA:Map Features(2017-11-28)",806,遊戯場
レクリエーション,1019,競馬等の競走場,競輪場、競馬場、自動車・モーターボートの競走場,,競輪・競馬等の競走場、競技団,,,803,競輪・競馬等の競走場、競技団
レクリエーション,1020,カジノ,カジノ,,遊戯施設,カジノ,schema.org(2017-11-28),,
レクリエーション,1021,カラオケボックス,カラオケボックス,,カラオケボックス,,,8095,カラオケボックス
レクリエーション,1022,プラネタリウム,プラネタリウム,,プラネタリウム,,"OpenStreetMap Wiki, JA:Map Features(2017-11-28)",,
レクリエーション,1023,釣り場,釣り場,0404,釣り場,具体的な箇所を特定できる「釣り場」を地点とする。「自然」の「湖沼」 や「河川」と重複しないように留意する。 ,観光庁　観光入込客統計に関する共通基準　観光地点等分類コード ,,
レクリエーション,1024,遊漁船,遊漁船；釣船；瀬渡船；船宿（釣船）。主として船舶により乗客を漁場に案内し，釣りなどの方法により魚類その他の水産動植物を採捕させる施設をいう。,,遊漁船業,,,8093,遊漁船業
レクリエーション,1099,その他レクリエーション,,0699,他に分類されない観光地点,,観光庁　観光入込客統計に関する共通基準　観光地点等分類コード ,,
スポーツ,,,,0401,スポーツ・レクリエーション施設,ゴルフ場、テニス場、スケート場、プール、サイクリングコース、ハイキ ングコース、複合的スポーツリゾート施設等。自然歩道、自然研究 路を含む。 ,観光庁　観光入込客統計に関する共通基準　観光地点等分類コード ,,
スポーツ,1101,スタジアム,スタジアム,,スタジアム,,"OpenStreetMap Wiki, JA:Map Features(2017-11-28)",,
スポーツ,1102,陸上競技場,陸上競技を行うためにつくられた施設で、１周 200m 以上のトラックを有するもの。（トラック内にサッカー、ラグビー等を行う施設がある場合でも、陸上競技場として取り扱う。 ） ,1,陸上競技場,主として、陸上競技を行うためにつくられた施設で、１周 200m 以上のトラックを有するもの。（トラック内にサッカー、ラグビー等を行う施設がある場合でも、陸上競技場として取り扱う。学校の運動場は、多目的運動広場として取り扱 う。 ） ,文部科学省　体育・スポーツ施設現況調査　施設種別の定義,,
スポーツ,1103,野球場,固定したバックネットを有し、主として野球・ソフトボール 専用のもの。 ,2,野球場 ソフトボール場,固定したバックネットを有し、主として野球・ソフトボール 専用のもの。 ,文部科学省　体育・スポーツ施設現況調査　施設種別の定義,,
スポーツ,1104,球技場,サッカー、ラグビー、ハンドボール、ホッケー、その他これ に類する球技専用のもの。 ,3,球技場,サッカー、ラグビー、ハンドボール、ホッケー、その他これ に類する球技専用のもの。 ,文部科学省　体育・スポーツ施設現況調査　施設種別の定義,,
スポーツ,1105,バッティング・テニス練習場,バッティング・テニス練習場,,バッティング・テニス練習場,,,8047,バッティング・テニス練習場
スポーツ,1106,多目的運動場,必要に応じて各種スポーツが行えるもの。（学校の運動場を含む） ,4,多目的運動場,土地面積が 992㎡以上のもので、必要に応じて各種スポーツが行えるもの。（学校の運動場を含む） ,文部科学省　体育・スポーツ施設現況調査　施設種別の定義,,
スポーツ,1107,プール,主に水泳競技、練習、健康増進のための水泳等のためのプール,5,水泳プール（屋内）,水面積150㎡以上のもの。,文部科学省　体育・スポーツ施設現況調査　施設種別の定義,,
スポーツ,,,,6,水泳プール（屋外）,水面積150㎡以上のもの。,文部科学省　体育・スポーツ施設現況調査　施設種別の定義,,
スポーツ,1108,レジャープール,流水プール、造波プールなどで、レジャープールとして使用されるもの。 ,7,レジャープール,流水プール、造波プールなどで、レジャープールとして使用されるもの。 ,文部科学省　体育・スポーツ施設現況調査　施設種別の定義,,
スポーツ,1109,目的別プール,水球、シンクロナイズドスイミング、ダイビングプール等。,8,ダイビングプール,主としてダイビングに使用されるもの。 ,文部科学省　体育・スポーツ施設現況調査　施設種別の定義,,
スポーツ,1110,体育館,必要に応じて各種スポーツが行える屋内施設。 ,9,体育館,競技用床面積 132㎡以上の建物で、必要に応じて各種スポーツが行えるもの。 ,文部科学省　体育・スポーツ施設現況調査　施設種別の定義,8042,体育館
スポーツ,1111,柔道場,柔道専用のもの。 ,10,柔道場,主として柔道専用のもの。 ,文部科学省　体育・スポーツ施設現況調査　施設種別の定義,,
スポーツ,1112,剣道場,剣道専用のもの。 ,11,剣道場,主として剣道専用のもの。 ,文部科学省　体育・スポーツ施設現況調査　施設種別の定義,,
スポーツ,1113,武道場,主として柔道・剣道に使用されるもの。,12,柔剣道場（武道場）,主として柔道・剣道に使用されるもの。,文部科学省　体育・スポーツ施設現況調査　施設種別の定義,,
スポーツ,1114,空手・合気道場,主として空手・合気道専用のもの。 ,13,空手・合気道,主として空手・合気道専用のもの。 ,文部科学省　体育・スポーツ施設現況調査　施設種別の定義,,
スポーツ,1115,バレーボールコート,規定のコートを有し、もっぱらバレーボールに 使用されるもの。 （運動施設の一部に区画をつくり、バレーボール専用に使用しているものも含む。） ,14,バレーボール場 （屋外）,屋外にあって規定のコートを有し、もっぱらバレーボールに 使用されるもの。 （運動場の一部に区画をつくり、バレーボール専用に使用しているものも含む。また、屋上コートも該当する） ,文部科学省　体育・スポーツ施設現況調査　施設種別の定義,,
スポーツ,1116,テニスコート,規定のコートを有し、もっぱらテニスに使用されるもの。（運動施設の一部に区画をつくり、テニス専用に使用しているものも含む。） ,15,庭球場（屋外）,屋外にあって規定のコートを有し、もっぱらテニスに使用されるもの。（運動場の一部に区画をつくり、テニス専用に使用しているものも含む。また、屋上コートも該当する） ,文部科学省　体育・スポーツ施設現況調査　施設種別の定義,8046,テニス場
スポーツ,,,,16,庭球場（屋内）,屋内にあって規定のコートを有し、もっぱらテニスに使用されるもの。 ,文部科学省　体育・スポーツ施設現況調査　施設種別の定義,8046,テニス場
スポーツ,1117,バスケットボールコート,規定のコートを有し、もっぱらバスケットボー ルに使用されるもの。（運動施設の一部に区画をつくり、バス ケットボール専用に使用しているものも含む。）,17,バスケットボール場 （屋外）,屋外にあって規定のコートを有し、もっぱらバスケットボー ルに使用されるもの。（運動場の一部に区画をつくり、バス ケットボール専用に使用しているものも含む。また、屋上コ ートも該当する）,文部科学省　体育・スポーツ施設現況調査　施設種別の定義,,
スポーツ,1118,相撲場,規定の大きさの土俵を有するもの。 ,18,相撲場（屋外）,規定の大きさの土俵を有するもの。 ,文部科学省　体育・スポーツ施設現況調査　施設種別の定義,,
スポーツ,,,,19,相撲場（屋内）,規定の大きさの土俵を有するもの。 ,文部科学省　体育・スポーツ施設現況調査　施設種別の定義,,
スポーツ,1119,卓球場,主として卓球に使用される,20,卓球場,主として卓球に使用されるもので、規定の卓球台を3台以上有するもの。 ,文部科学省　体育・スポーツ施設現況調査　施設種別の定義,,
スポーツ,1120,弓道場,弓道の試合（近的）が行えるもの。 ,21,弓道場,弓道の試合（近的）が行えるもの。 ,文部科学省　体育・スポーツ施設現況調査　施設種別の定義,,
スポーツ,1121,アーチェリー場,フィールドアーチェリー場。 ,22,アーチェリー場,射場と的との距離が 25m 以上あるもの。または、14 ショッ ト以上の射場のあるフィールドアーチェリー場。 ,文部科学省　体育・スポーツ施設現況調査　施設種別の定義,,
スポーツ,1122,馬場,馬場,23,馬場,20m×60m以上の規模を有し、必要な設備があって競技の行えるもの。 ,文部科学省　体育・スポーツ施設現況調査　施設種別の定義,,
スポーツ,1123,スケートリンク,スケートリンク,24,アイススケート場 （屋内）,滑走面積が 300㎡以上のもの。 ,文部科学省　体育・スポーツ施設現況調査　施設種別の定義,,
スポーツ,,,,25,アイススケート場 （屋外）,"滑走面積が 1,500㎡以上のもの。 ",文部科学省　体育・スポーツ施設現況調査　施設種別の定義,,
スポーツ,1124,ローラースケートリンク,ローラースケートリンク,26,ローラースケート・　インラインスケート場（屋内）,滑走面積が 300㎡以上のもの。 ,文部科学省　体育・スポーツ施設現況調査　施設種別の定義,,
スポーツ,,,,27,ローラースケート・　インラインスケート場（屋外）,滑走面積が 300㎡以上のもの。 ,文部科学省　体育・スポーツ施設現況調査　施設種別の定義,,
スポーツ,1125,林間学校施設,県・市区町村・団体等が登山・林間学校等のために指定しているもの。 ,28,山の家・林間学校等の施設（山小屋、避難小屋を含む）,県・市区町村・団体等が登山・林間学校等のために指定しているもの。 ,文部科学省　体育・スポーツ施設現況調査　施設種別の定義,,
スポーツ,1126,山小屋,山小屋,,山小屋,,東京都　国内外旅行者のためのわかりやすい案内サイン標準化指針【東京都版対訳表】,,
スポーツ,1127,避難小屋,避難小屋,,避難小屋,,東京都　国内外旅行者のためのわかりやすい案内サイン標準化指針【東京都版対訳表】,,
スポーツ,1128,登山道,登山道及び入り口,,,,,,
スポーツ,1129,ボルダリング場,ボルダリング場,,,,,,
スポーツ,1130,ロッククライミングスポット,ロッククライミングスポット,,,,,,
スポーツ,1131,オフロード・モトクロス場　,オフロード・モトクロス場　,,,,,,
スポーツ,1132,マウンテンバイクコース,マウンテンバイクコース,,,,,,
スポーツ,1133,トレーニング場,ウェイトトレーニングやサーキットトレーニング等のための設備を有し、もっぱらトレーニングに使用 されるもの。（学校の運動場の一部に独立した区分を設けて、常設されているトレーニングコースも含む） ,29,トレーニング場,屋内、屋外にあって、ウェイトトレーニングやサーキットトレーニング等のための設備を有し、もっぱらトレーニングに使用 されるもの。（学校の運動場の一部に独立した区分を設けて、常設されているトレーニングコースも含む） ,文部科学省　体育・スポーツ施設現況調査　施設種別の定義,,
スポーツ,1134,フィットネスクラブ,フィットネスクラブ,,フィットネスセンター,,"OpenStreetMap Wiki, JA:Map Features(2017-11-28)",,
スポーツ,,,,,スポーツクラブ,,schema.org(2017-11-28),8048,フィットネスクラブ
スポーツ,1135,レスリング場,固定したマットを有し、もっぱらレスリングに使用されるもの。 ,30,レスリング場,固定したマットを有し、もっぱらレスリングに使用されるもの。 ,文部科学省　体育・スポーツ施設現況調査　施設種別の定義,,
スポーツ,1136,ボクシング場,固定したリングを有し、ボクシングに使用されるもの。 ,31,ボクシング場,固定したリングを有し、ボクシングに使用されるもの。 ,文部科学省　体育・スポーツ施設現況調査　施設種別の定義,,
スポーツ,1137,ダンススタジオ,主としてダンスに使用されるもの。（エアロビクス等のスタジオ を含む） ,32,ダンス場 （ダンススタジオ）,主としてダンスに使用されるもの。（エアロビクス等のスタジオ を含む） ,文部科学省　体育・スポーツ施設現況調査　施設種別の定義,8091,ダンスホール
スポーツ,,,,,ダンスホール,,"OpenStreetMap Wiki, JA:Map Features(2017-11-28)",,
スポーツ,1138,射撃場,ライフル、拳銃競技が行われるもの。または、クレー放出機器 を備え、競技が行えるもの。（光線銃を含む） ,33,射撃場 （ライフル・拳銃・ クレー等）,ライフル、拳銃競技が行われるもの。または、クレー放出機器 を備え、競技が行えるもの。（光線銃を含む） ,文部科学省　体育・スポーツ施設現況調査　施設種別の定義,,
スポーツ,1139,ゴルフ場,ゴルフ場,34,ゴルフ場,9ホール以上あり、競技が行えるもの ,文部科学省　体育・スポーツ施設現況調査　施設種別の定義,8043,ゴルフ場
スポーツ,1140,ゴルフ練習場,ゴルフ練習場,35,ゴルフ練習場,打席が10以上、打席から的までの距離が 20ヤード（約18.3m） 以上あるもの。 ,文部科学省　体育・スポーツ施設現況調査　施設種別の定義,8044,ゴルフ練習場
スポーツ,1141,ボウリング場,ボウリング場,36,ボウリング場,12レーン以上の規模を有するもの。 ,文部科学省　体育・スポーツ施設現況調査　施設種別の定義,8045,ボーリング場
スポーツ,1142,漕艇場,漕艇場,37,漕艇場,"艇庫を持ち、水路の幅が 30m以上、長さが 1,100m以上あり、 競技の行えるもの。 ",文部科学省　体育・スポーツ施設現況調査　施設種別の定義,,
スポーツ,1143,ゲートボール クロッケー場,ゲートボール クロッケー場,38,ゲートボール クロッケー場,県・市区町村・団体等が、ゲートボール・クロッケー場として指定しているもの。 ,文部科学省　体育・スポーツ施設現況調査　施設種別の定義,,
スポーツ,1144,スカッシュ・ ラケットボール場,スカッシュやラケットボールに使用されるもの。 ,39,スカッシュ・ ラケットボール場,主としてスカッシュやラケットボールに使用されるもの。 ,文部科学省　体育・スポーツ施設現況調査　施設種別の定義,,
スポーツ,1145,ヨットハーバー、マリーナ,艇庫をもち競技が行えるもの。 ,40,ヨット場 （マリーナ）,艇庫をもち競技が行えるもの。 ,文部科学省　体育・スポーツ施設現況調査　施設種別の定義,8092,マリーナ業
スポーツ,,,,0406,マリーナ・ヨットハーバー,,観光庁　観光入込客統計に関する共通基準　観光地点等分類コード ,,
スポーツ,1146,水上スキー・ウェークボード場,水上スキー・ウェークボードのために指定された海岸・海面,,,,,,
スポーツ,1147,サーフィンスポット,サーフィンの名所の海岸,,,,,,
スポーツ,1148,スキー・ スノーボード場,スキー・ スノーボード場,41,スキー・ スノーボード場,ロープトウ・リフト・ゴンドラ・ジャンプ台のうちいずれか１ つ以上を有するもの。 ,文部科学省　体育・スポーツ施設現況調査　施設種別の定義,,
スポーツ,,,,0402,スキー場,,観光庁　観光入込客統計に関する共通基準　観光地点等分類コード ,,
スポーツ,1149,スキージャンプ台,スキージャンプ台,,,,,,
スポーツ,1150,ボブスレー・リュージュコース,ボブスレー・リュージュコース,,,,,,
スポーツ,1151,ノルディックウォーキングコース,ノルディックウォーキングコース,,,,,,
スポーツ,1152,キャンプ場,キャンプ場,42,キャンプ場,県・市区町村・団体等がキャンプ場として指定しているもの。 ,文部科学省　体育・スポーツ施設現況調査　施設種別の定義,,
スポーツ,,,,0403,キャンプ場,,観光庁　観光入込客統計に関する共通基準　観光地点等分類コード ,,
スポーツ,,,,43,ハイキング+F322:F325コース,県・市区町村・団体等がハイキングコースとして指定しているもの。,文部科学省　体育・スポーツ施設現況調査　施設種別の定義,,
スポーツ,1153,サイクリングコース,サイクリングコース,44,サイクリングコース,県・市区町村・団体等がサイクリングコースとして指定しているもの。 ,文部科学省　体育・スポーツ施設現況調査　施設種別の定義,,
スポーツ,1154,オリエンテーリングコース,オリエンテーリングコース,45,オリエンテーリングコース,県・市区町村・団体等がオリエンテーリングコースとして指定 しているもの。 ,文部科学省　体育・スポーツ施設現況調査　施設種別の定義,,
スポーツ,1155,ランニングコース,ランニングコースとして指定しているもの。（学校のランニングコースも含む） ,46,ランニングコース,県・市区町村・団体等がランニングコースとして指定しているもの。（学校のランニングコースも含む） ,文部科学省　体育・スポーツ施設現況調査　施設種別の定義,,
スポーツ,1156,フィールドアスレチック,フィールドアスレチィックなど冒険遊具を組み合わせてコース としているもの。,47,冒険遊具コース,フィールドアスレチィックなど冒険遊具を組み合わせてコース としているもの。（学校の運動場の一部に区分してつくられた同様の内容を有する常設のものも含む） ,文部科学省　体育・スポーツ施設現況調査　施設種別の定義,,
スポーツ,1157,海水浴場,海水浴場,48,海の家・海水浴場等の施設,県・市区町村・団体等が海水浴場として指定しているもの。,文部科学省　体育・スポーツ施設現況調査　施設種別の定義,,
スポーツ,,,,0405,海水浴場,,観光庁　観光入込客統計に関する共通基準　観光地点等分類コード ,,
スポーツ,1159,河川・湖沼等の遊泳場,県・市区町村・団体等が遊泳場として指定しているもの。 ,49,河川・湖沼等の遊泳場,県・市区町村・団体等が遊泳場として指定しているもの。 ,文部科学省　体育・スポーツ施設現況調査　施設種別の定義,,
スポーツ,1160,スカイスポーツ施設,パラグライダー、ハンググライダー等のスカイスポーツを行う場所として指定しているもの。 ,50,スカイスポーツ施設,県・市区町村・団体等がパラグライダー、ハンググライダー等のスカイスポーツを行う場所として指定しているもの。 ,文部科学省　体育・スポーツ施設現況調査　施設種別の定義,,
スポーツ,1161,カーリング場,カーリング場,,,,,,
スポーツ,1199,その他スポーツ施設,,51,その他,上記1～50以外のもの。 ,文部科学省　体育・スポーツ施設現況調査　施設種別の定義,,
国の機関等,1201,官公署,官公署,3201,官公署,特定の記号が定められていない国の機関・施設。,国土地理院　電子国土基本図　地物種別コード,,
国の機関等,,,,3503,官公署,外国公館、および大規模な官公署については注記で表示することを原則とするが、市街地等の重要な地物を抹 消する恐れのある場合、または小規模な官公署で特に 記号がないものは、官公署の記号で表示する ,国土交通省　都市計画GIS　地物一覧,,
国の機関等,1202,合同庁舎,合同庁舎,611,合同庁舎,,国土地理院　電子国土基本図　地物種別コード　注記分類コード,,
国の機関等,,,,612,国の機関（合同庁舎、矯正施設及び自衛隊を除く）,,国土地理院　電子国土基本図　地物種別コード　注記分類コード,973,行政機関
国の機関等,1203,検察庁,検察庁,3505,検察庁,検察庁（同支部を含む）は注記で表示することを原則とするが、市街地等の重要な地物を抹消する恐れのある 場合は記号で表示する ,国土交通省　都市計画GIS　地物一覧,,
国の機関等,1204,裁判所,裁判所,3202,裁判所,裁判所法による高等裁判所、地方裁判所、家庭裁判所及び簡易裁 判所。,国土地理院　電子国土基本図　地物種別コード,972,司法機関
国の機関等,,,,3504,裁判所,裁判所（同支部を含む）は注記で表示することを原則とするが、市街地等の重要な地物を抹消する恐れのある 場合は記号で表示する ,国土交通省　都市計画GIS　地物一覧,972,司法機関
国の機関等,,,,,法務局,,東京都　国内外旅行者のためのわかりやすい案内サイン標準化指針【東京都版対訳表】,,
国の機関等,1205,法務局,法務局,3203,税務署,財務省設置法による税務署。,国土地理院　電子国土基本図　地物種別コード,,
国の機関等,1206,法テラス,法テラス,,,,,,
国の機関等,1207,公証役場,公証役場,,,,,,
国の機関等,1208,出入国管理局,出入国管理局,,,,,,
国の機関等,1209,税関,税関,,,,,,
国の機関等,1210,税務署,税務署,3507,税務署,税務署（国税局を含む）は注記で表示することを原則とするが、市街地等の重要な地物を抹消する恐れのある 場合は記号で表示する ,国土交通省　都市計画GIS　地物一覧,,
国の機関等,1211,警察署,警視庁、道府県警察本部及び警察法による警察署,3241,警察署,警視庁、道府県警察本部及び警察法による警察署,国土地理院　電子国土基本図　地物種別コード,,
国の機関等,1212,交番,警察法による交番その他の派出所及び駐在所。,3211,交番,警察法による交番その他の派出所及び駐在所。,国土地理院　電子国土基本図　地物種別コード,,
国の機関等,,,,3515,交番・駐在所,警察官駐在所、及び派出所は記号で表示する ,国土交通省　都市計画GIS　地物一覧,,
国の機関等,1213,運転免許試験場,運転免許試験場,,運転免許試験場,,東京都　国内外旅行者のためのわかりやすい案内サイン標準化指針【東京都版対訳表】,,
国の機関等,1214,消防署,消防組織法による消防署をいう。,3242,消防署,消防組織法による消防署をいう。ただし、支署、出張所及び分遣所については、職員が常駐している施設に限る,国土地理院　電子国土基本図　地物種別コード,,
国の機関等,1215,消防署分署,支署、出張所及び分遣所。,3516,消防署,消防署、出張所等の消防器具を装備し消防署員が常時駐在する施設は、注記で表示することを原則とするが、市街地等の重要な地物を抹消する恐れのある場合 や、消防分団等で施設の大きいものは記号で表示する ,国土交通省　都市計画GIS　地物一覧,,
国の機関等,1216,郵便局,普通郵便局、特定郵便局及び簡易郵便局。分室及び常設の出張所。,3509,郵便局,普通郵便局、特定郵便局については注記で表示することを原則とするが、建物の一部にあるもの、および簡易郵 便局は記号で表示する ,国土交通省　都市計画GIS　地物一覧,861,郵便局
国の機関等,,,,3218,郵便局,普通郵便局、特定郵便局及び簡易郵便局。分室及び常設の出張所 を含み、地下街にあるものを除く。,国土地理院　電子国土基本図　地物種別コード,,
国の機関等,1217,森林管理署,森林管理署,3510,森林管理署,営林署（営林局、営林支局を含む）は注記で表示することを原則とするが、市街地等の重要な地物を抹消する恐れのある場合は記号で表示する     ,国土交通省　都市計画GIS　地物一覧,,
国の機関等,1218,気象台,気象台,,気象台,,観光庁　観光立国実現に向けた多言語対応の改善・強化のためのガイドライン,,
国の機関等,1219,公共職業安定所,公共職業安定所,3517,公共職業安定所,公共職業安定所は注記で表示することを原則とするが、同出張所、および市街地等の重要な地物を抹消する恐れのある場合は記号で表示する      ,国土交通省　都市計画GIS　地物一覧,,
国の機関等,1220,労働基準監督署,労働基準監督署,,労働基準監督署,,,,
国の機関等,1221,社会保険事務所,社会保険事務所,,社会保険事務所,,,,
国の機関等,1222,矯正施設,刑務所、少年院　等。,613,矯正施設（刑務所、少年院等）,,国土地理院　電子国土基本図　地物種別コード　注記分類コード,,
国の機関等,1223,自衛隊・米軍,自衛隊・米軍,615,自衛隊・米軍,,国土地理院　電子国土基本図　地物種別コード　注記分類コード,,
国の機関等,1224,外国公館,外国が日本に設置している大使館、公使館及び領事館。 ,3204,外国公館,外国が日本に設置している大使館、公使館及び領事館。 ,国土地理院　電子国土基本図　地物種別コード,961,外国公館
国の機関等,1299,その他国の機関,,,,,,,
地方行政,1301,県庁,県庁,621,県庁,,国土地理院　電子国土基本図　地物種別コード　注記分類コード,981,都道府県機関
地方行政,1302,市役所・東京都の区役所,市役所及び東京都の区役所,3205,市役所・東京都の区役所,市役所及び東京都の区役所をいい、これらの支所及び出張 所は含まない。,国土地理院　電子国土基本図　地物種別コード,982,市町村機関
地方行政,1303,町村役場・政令指定都市の区役所,町村役場及び政令指定都市の区役所,3206,町村役場・政令指定都市の区役所,町村役場及び政令指定都市の区役所をいい、これらの支所及び出張所は含まない。 ,国土地理院　電子国土基本図　地物種別コード,982,市町村機関
地方行政,1304,役場支所及び出張所,市・特別区・町・村・指定都市の区の役場支所及び出張所,3519,役場支所及び出張所,市・特別区・町・村・指定都市の区の役場支所及び出張所は記号で表示する      ,国土交通省　都市計画GIS　地物一覧,982,市町村機関
地方行政,1305,市民活動施設,市民活動施設,,市民活動施設,,,,
地方行政,1306,産業支援施設,産業支援施設,,産業支援施設,,,,
地方行政,1307,公民館,公民館,4,公立公民館,,国土交通省　国土数値情報　市町村役場等及び公的集会施設データ　施設分類コード,8211,公民館
地方行政,1308,公会堂,公会堂,3526,公会堂・公民館,公会堂・公民館は規模の大きなものは注記で表示することを原則とするが、規模の小さなもの、または市街地等 の重要な地物を抹消する恐れのある場合は記号で表示する ,国土交通省　都市計画GIS　地物一覧,8211,公民館
地方行政,,,,,公会堂・集会場,,国土交通省　国土数値情報　集客施設データ　施設区分コード,8511,集会場
地方行政,1309,集会施設,集会施設,5,集会施設,,国土交通省　国土数値情報　市町村役場等及び公的集会施設データ　施設分類コード,,
地方行政,1399,その他行政サービス施設,,3,上記以外の行政サービス施設,,国土交通省　国土数値情報　市町村役場等及び公的集会施設データ　施設分類コード,,
福祉,1401,授乳室,授乳室,,授乳室,,観光庁　観光立国実現に向けた多言語対応の改善・強化のためのガイドライン,,
福祉,1402,保育園,保育園、保育所、託児所。日日保護者の委託を受けて，乳児又は幼児を保育する福祉事業を行う施設。,0730,保育所,都市計画法第 11 条第 1 項第 6 号で定められる施設 ,国土交通省　都市計画GIS　地物一覧,8531,保育所
福祉,1403,児童館（児童センター）,児童館（児童センター）,427,児童館（児童センター）,,国土交通省　国土数値情報　福祉施設データ　福祉施設詳細分類コード,,
福祉,1404,学童保育クラブ,学童保育クラブ,,学童保育クラブ,,,,
福祉,1405,認定こども園,認定こども園,805,認定こども園,,国土交通省　国土数値情報　福祉施設データ　福祉施設詳細分類コード,819,幼保連携型認定こども園
福祉,1406,児童相談所,児童相談所,,,,,,
福祉,1407,福祉事務所,都道府県，市町村及び特別区が設置する福祉に関する事務所。,,福祉事務所,,東京都　国内外旅行者のためのわかりやすい案内サイン標準化指針【東京都版対訳表】,8521,福祉事務所
福祉,1408,老人ホーム,特別養護老人ホーム、介護老人福祉施設、有料老人ホーム　等,3215,老人ホーム,老人福祉法の老人福祉施設のうち、養護老人ホーム、特別養護老 人ホーム及び軽費老人ホーム。 ,国土地理院　電子国土基本図　地物種別コード,854,老人福祉・介護事業
福祉,1409,老人通所・短期入所介護施設,老人デイサービスセンター、老人短期入所施設、小規模多機能型居宅介護事業所　等。要介護者等を通所又は短期入所させ，介護等の日常生活上の世話や機能訓練を行う事業所。,,,,,8542,通所・短期入所介護事業
福祉,1499,その他の社会福祉施設,,0732,その他の社会福祉施設,都市計画法第 11 条第 1 項第 6 号で定められる施設,国土交通省　都市計画GIS　地物一覧,,
教育,1501,幼稚園,幼稚園・保育園,3525,幼稚園・保育園,幼稚園・保育園は注記で表示することを原則とするが、神社、寺院、教会等に併設されたものは記号で表示する ,国土交通省　都市計画GIS　地物一覧,811,幼稚園
教育,1502,学校,学校の総称,0725,学校,都市計画法第 11 条第 1 項第 5 号で定められる施設 ,国土交通省　都市計画GIS　地物一覧,,
教育,1503,小学校,小学校,3214,小学校,学校教育法第１条による学校のうち小学校。 ,国土地理院　電子国土基本図　地物種別コード,812,小学校
教育,1504,中学校,中学校,3213,中学校,学校教育法第１条による学校のうち中学校。 ,国土地理院　電子国土基本図　地物種別コード,813,中学校
教育,1505,高等学校・中等教育学校,高等学校・中等教育学校,3212,高等学校・中等教育学校,学校教育法第１条による学校のうち高等学校及び中等教育 学校。,国土地理院　電子国土基本図　地物種別コード,814,高等学校・中等教育学校
教育,1506,大学・大学院,大学・大学院,631,大学・大学院,,国土地理院　電子国土基本図　地物種別コード　注記分類コード,8161,大学
教育,1507,短期大学,短期大学,632,短期大学,,国土地理院　電子国土基本図　地物種別コード　注記分類コード,8162,短期大学
教育,1508,高等専門学校,高等専門学校,633,高等専門学校,,国土地理院　電子国土基本図　地物種別コード　注記分類コード,8163,高等専門学校
教育,1509,特殊学校,特殊学校,634,特殊学校,,国土地理院　電子国土基本図　地物種別コード　注記分類コード,815,特別支援学校
教育,1510,専修学校・各種学校,専修学校・各種学校,,専修学校・各種学校,,,817,専修学校・各種学校
教育,,,,3524,学校,学校教育法による学校（幼稚園、各種学校は除く）は、注記で表示することを原則とするが、狭小で注記を表示 することが困難な場合や、市街地等の重要な地物を抹 消する恐れのある場合は記号で表示する ,国土交通省　都市計画GIS　地物一覧,,
教育,1511,文教施設,文教施設,673,文教施設,,国土地理院　電子国土基本図　地物種別コード　注記分類コード,,
教育,1512,図書館,図書，記録その他必要な資料を収集し，整理し，保存して，一般公衆又は特定人の利用に供する施設。,0726,図書館,都市計画法第 11 条第 1 項第 5 号で定められる施設 ,国土交通省　都市計画GIS　地物一覧,8212,図書館
教育,,,,3217,図書館,図書館法による公立図書館。分館は含まない。 ,国土地理院　電子国土基本図　地物種別コード,,
教育,1513,研究施設,研究施設,0727,研究施設,都市計画法第 11 条第 1 項第 5 号で定められる施設 ,国土交通省　都市計画GIS　地物一覧,,
教育,1514,職業・教育支援施設,大学校、研修センター　等。官公庁，企業若しくは事業所が業務遂行のため所属職員等を対象として教育・研修を行う事業所又は官公庁，企業若しくは事業所からの委託を受けて業務遂行のため所属職員等の教育・研修を行う施設。,,職業・教育支援施設,,,822,職業・教育支援施設
教育,1515,音楽学校,ピアノ、バイオリン、声楽等、主として音楽に関する技能・技術を教授する施設。,,音楽学校,,"OpenStreetMap Wiki, JA:Map Features(2017-11-28)",8241,音楽教授業
教育,1516,自動車教習所,自動車教習所,,自動車教習所,,"OpenStreetMap Wiki, JA:Map Features(2017-11-28)",8172,各種学校
教育,1517,外国語学校,外国語会話を教授する施設,,外国語学校,,"OpenStreetMap Wiki, JA:Map Features(2017-11-28)",8245,外国語会話教授業
教育,1518,学習塾・予備校,小学生，中学生，高校生などを対象として学校教育の補習教育又は学習指導を行う施設。,,学習塾・予備校,,,823,学習塾
教育,1519,教養・技能教授業,書道、生花・茶道、そろばん、スポーツ・健康、その他の教養・技能,,教養・技能教授業,,,824,教養・技能教授業
教育,1599,その他の教育文化施設,,0728,その他の教育文化施設,都市計画法第 11 条第 1 項第 5 号で定められる施設 ,国土交通省　都市計画GIS　地物一覧,,
医療・健康,1601,病院,医療法に基づく病院。,3243,病院,救急病院等を定める省令に基づき告示された救急病院及び救急診療所,国土地理院　電子国土基本図　地物種別コード,831,病院
医療・健康,,,,3532,病院,医療法に基づく病院、および規模の大きな診療所は注記で表示することを原則とするが、市街地等の重要な地 物を抹消する恐れのある場合は記号で表示する ,国土交通省　都市計画GIS　地物一覧,,
医療・健康,,,,0729,病院,都市計画法第 11 条第 1 項第 6 号で定められる施設 ,国土交通省　都市計画GIS　地物一覧,,
医療・健康,1602,診療所,医療法に基づく診療所。,,診療所,,東京都　国内外旅行者のためのわかりやすい案内サイン標準化指針【東京都版対訳表】,832,一般診療所
医療・健康,1603,歯科診療所,歯科診療所,3,歯科診療所,,国土交通省　国土数値情報　医療機関データ　医療機関分類コード,833,歯科診療所
医療・健康,1604,助産所,助産師がその業務（病院又は診療所において行うものを除く）を行う施設,,助産・看護業,,,8341,助産所
医療・健康,1605,鍼灸施設,あん摩マッサージ指圧師・はり師、きゅう師、柔道整復師の施術所,,療術業,,,835,療術業
医療・健康,1606,保健所,地域保健法による保健所。支所、出張所等は含まない。 ,3244,保健所,地域保健法による保健所。支所、出張所等は含まない。 ,国土地理院　電子国土基本図　地物種別コード,841,保健所
医療・健康,,,,3531,保健所,保健所は、注記で表示することを原則とするが、市街地 等の重要な地物を抹消する恐れのある場合は記号で表示する ,国土交通省　都市計画GIS　地物一覧,,
医療・健康,1607,献血所,献血所,,献血所,,"OpenStreetMap Wiki, JA:Map Features(2017-11-28)",,
医療・健康,1608,救護所,救護所,,救護所,,観光庁　観光立国実現に向けた多言語対応の改善・強化のためのガイドライン,,
医療・健康,1609,動物病院,獣医、動物病院,,獣医、動物病院,,"OpenStreetMap Wiki, JA:Map Features(2017-11-28)",,
医療・健康,1610,ドラッグストア,医薬品，化粧品を中心とした健康及び美容に関する各種の商品を中心として，家庭用品，加工食品などの最寄り品をセルフサービス方式によって小売する施設。,,,,,6031,ドラッグストア
医療・健康,1611,医薬品小売店,一般用医薬品及び医療用品を小売する施設。,,薬局,,東京都　国内外旅行者のためのわかりやすい案内サイン標準化指針【東京都版対訳表】,6032,医薬品小売業
医療・健康,1612,調剤薬局,医師の処方せんに基づき医療用医薬品を調剤し，販売又は授与する施設。,,,,,6033,調剤薬局
医療・健康,1613,その他の医療施設,,0731,その他の医療施設,都市計画法第 11 条第 1 項第 6 号で定められる施設 ,国土交通省　都市計画GIS　地物一覧,,
エネルギー,,,,8103,発電所等,,国土地理院　電子国土基本図　地物種別コード,,
エネルギー,1901,発電所,発電所,653,発電所,,国土地理院　電子国土基本図　地物種別コード　注記分類コード,3311,発電所
エネルギー,1902,水力発電所,水力発電所,,水力発電施設,,国土交通省　国土数値情報　発電施設データ,3311,発電所
エネルギー,1903,火力発電所,火力発電所,,火力発電施設,,国土交通省　国土数値情報　発電施設データ,3311,発電所
エネルギー,1904,地熱発電所,地熱発電所,,地熱発電施設,,国土交通省　国土数値情報　発電施設データ,3311,発電所
エネルギー,1905,原子力発電所,原子力発電所,,原子力発電施設,,国土交通省　国土数値情報　発電施設データ,3311,発電所
エネルギー,1906,風力発電所,風力発電所,,風力発電施設,,国土交通省　国土数値情報　発電施設データ,3311,発電所
エネルギー,1907,太陽光発電所,太陽光発電所,,太陽光発電施設,,国土交通省　国土数値情報　発電施設データ,3311,発電所
エネルギー,1908,バイオマス発電所,バイオマス発電所,,バイオマス発電施設,,国土交通省　国土数値情報　発電施設データ,3311,発電所
エネルギー,1909,複合型発電所,複合型発電所,,複合型発電施設,,国土交通省　国土数値情報　発電施設データ,3311,発電所
エネルギー,1910,変電所,変電所,3550,変電所,変電所は、注記で表示することを原則とするが、小規模なものは記号で表示する ,国土交通省　都市計画GIS　地物一覧,3312,変電所
エネルギー,1911,送電線,送電線,4265,送電線,概ね 20kV 以上の高圧電流を送電するものただし、地 中にある部分は取得しない ,国土交通省　都市計画GIS　地物一覧,331,電気業
エネルギー,,,,0714,電気供給施設,都市計画法第 11 条第 1 項第 3 号で定められる施設 ,国土交通省　都市計画GIS　地物一覧,331,電気業
エネルギー,,,,0715,ガス供給施設,都市計画法第 11 条第 1 項第 3 号で定められる施設 ,国土交通省　都市計画GIS　地物一覧,341,ガス業
エネルギー,,,,0719,その他の供給施設,都市計画法第 11 条第 1 項第 3 号で定められる施設 ,国土交通省　都市計画GIS　地物一覧,,
エネルギー,,,,0720,その他の供給施設 （地域冷暖房施設）,都市計画法第 11 条第 1 項第 3 号で定められる施設 ,国土交通省　都市計画GIS　地物一覧,,
エネルギー,1999,その他エネルギー施設,,,,,,,
生活インフラ,,,,0713,水道,都市計画法第 11 条第 1 項第 3 号で定められる施設 ,国土交通省　都市計画GIS　地物一覧,361,上水道業
生活インフラ,2001,上水道関連施設,上水道関連施設,,上水道関連施設,,国土交通省　国土数値情報　上水道関連施設データ,361,上水道業
生活インフラ,2002,井戸,井戸,,井戸,,"OpenStreetMap Wiki, JA:Map Features(2017-11-28)",,
生活インフラ,,,,3556,揚排水ポンプ場,農業用、工業用等のために設けられた規模の大きいものを記号で表示するただし、特に規模の大きなものは注記で表示する ,国土交通省　都市計画GIS　地物一覧,,
生活インフラ,2003,下水道関連施設,下水道関連施設,,下水道関連施設,,国土交通省　国土数値情報　下水道関連施設データ,363,下水道業
生活インフラ,,,,0716,下水道,都市計画法第 11 条第 1 項第 3 号で定められる施設 ,国土交通省　都市計画GIS　地物一覧,363,下水道業
生活インフラ,2004,廃棄物処理施設,廃棄物処理施設,,廃棄物処理施設,,国土交通省　国土数値情報　廃棄物処理施設データ,88,廃棄物処理業
生活インフラ,2005,資源回収所,資源回収所,,資源回収所,リサイクルセンター等,"OpenStreetMap Wiki, JA:Map Features(2017-11-28)",,
生活インフラ,,,,0717,汚物処理場,都市計画法第 11 条第 1 項第 3 号で定められる施設 ,国土交通省　都市計画GIS　地物一覧,88,廃棄物処理業
生活インフラ,2006,ごみ焼却場,ごみ焼却場,0718,ごみ焼却場,都市計画法第 11 条第 1 項第 3 号で定められる施設 ,国土交通省　都市計画GIS　地物一覧,88,廃棄物処理業
生活インフラ,2008,その他処理施設,,0721,その他の処理施設,都市計画法第 11 条第 1 項第 3 号で定められる施設 ,国土交通省　都市計画GIS　地物一覧,,
生活インフラ,,,,8105,電波塔,,国土地理院　電子国土基本図　地物種別コード,,
生活インフラ,2009,火葬場,火葬場,0735,火葬場,都市計画法第 11 条第 1 項第 7 号で定められる施設 ,国土交通省　都市計画GIS　地物一覧,7951,火葬業
生活インフラ,2010,墓地,墓地,6301,墓地,死者を葬った墓及びその敷地。墓地敷地の大きさが概ね125ｍ× 125ｍ以上のもの。,国土地理院　電子国土基本図　地物種別コード,7952,墓地管理業
生活インフラ,,,,4201,墓碑,死者の氏名、戒名、没年月日、事績等を掘り込んで、 墓標として立てた石独立して 1 個、または数個が存在し、墓地として取得できない場合に墓碑として取得する ,国土交通省　都市計画GIS　地物一覧,,
生活インフラ,,,,62-,墓地,死者を葬って墓を建てる場所 ,国土交通省　都市計画GIS　地物一覧,,
生活インフラ,,,,0711,墓園,都市計画法第 11 条第 1 項第 2 号で定められる施設 ,国土交通省　都市計画GIS　地物一覧,,
生活インフラ,2099,その他生活インフラ,,,,,,,
生活支援設備,2101,トイレ,トイレ,,トイレ,,観光庁　観光立国実現に向けた多言語対応の改善・強化のためのガイドライン,,
生活支援設備,2102,公衆電話,公衆電話,,公衆電話,,"OpenStreetMap Wiki, JA:Map Features(2017-11-28)",,
生活支援設備,2103,郵便ポスト,郵便ポスト,,郵便ポスト,,"OpenStreetMap Wiki, JA:Map Features(2017-11-28)",,
生活支援設備,2104,コインロッカー,コインロッカー,,コインロッカー,,観光庁　観光立国実現に向けた多言語対応の改善・強化のためのガイドライン,7941,物品預り業
生活支援設備,2105,宅配ロッカー,宅配ロッカー,,宅配ロッカー,,,7941,物品預り業
生活支援設備,2106,自動販売機,店舗を持たず，自動販売機により衣料品，飲食料品，がん具などを小売する事業所。,,自動販売機,,"OpenStreetMap Wiki, JA:Map Features(2017-11-28)",6121,自動販売機による小売業
生活支援設備,2107,ゴミ箱,ゴミ箱,,ゴミ箱,,"OpenStreetMap Wiki, JA:Map Features(2017-11-28)",,
生活支援設備,2108,消火器,消火器,,消火器,,"OpenStreetMap Wiki, JA:Map Features(2017-11-28)",,
生活支援設備,2109,消火栓,消火栓,,消火栓,,"OpenStreetMap Wiki, JA:Map Features(2017-11-28)",,
生活支援設備,2110,ＡＥＤ,ＡＥＤ,,ＡＥＤ,,"OpenStreetMap Wiki, JA:Map Features(2017-11-28)",,
生活支援設備,2199,その他生活支援設備,,,,,,,
防災,2201,避難施設,避難施設,,避難施設,,国土交通省　国土数値情報　避難所データ,,
防災,2202,避難場所,避難場所,,避難場所,,,,
防災,2203,津波避難施設,津波避難施設,,,,,,
防災,2204,防災倉庫,防災倉庫,,,,,,
防災,2205,給水所,給水所,,給水所,,"OpenStreetMap Wiki, JA:Map Features(2017-11-28)",,
防災,2206,防波堤,防波堤,52-,防波堤,外海からの波を防ぎ、港湾内を穏やかに保つために海中 に築造された突堤      ,国土交通省　都市計画GIS　地物一覧,,
防災,2207,防潮堤,防潮堤,0739,防潮堤,都市計画法第11条第1項第11号で定められる施設 （政令第 5 条） ,国土交通省　都市計画GIS　地物一覧,,
防災,2208,防火水槽,防火水槽,0740,防火水槽,都市計画法第11条第1項第11号で定められる施設 （政令第 5 条） ,国土交通省　都市計画GIS　地物一覧,,
防災,2209,河岸堤防,河岸堤防,0741,河岸堤防,都市計画法第11条第1項第11号で定められる施設 （政令第 5 条） ,国土交通省　都市計画GIS　地物一覧,,
防災,2210,防水施設,防水施設,0743,防水施設,都市計画法第11条第1項第11号で定められる施設 （政令第 5 条） ,国土交通省　都市計画GIS　地物一覧,,
防災,2211,地すべり防止施設,地すべり防止施設,0744,地すべり防止施設,都市計画法第11条第1項第11号で定められる施設 （政令第 5 条） ,国土交通省　都市計画GIS　地物一覧,,
防災,2212,砂防施設,砂防施設,0745,砂防施設,都市計画法第11条第1項第11号で定められる施設 （政令第 5 条）,国土交通省　都市計画GIS　地物一覧,,
防災,2299,その他防災施設,,,,,,,
宿泊,2301,ホテル,ホテル,1,ホテル,,東京都　国内外旅行者のためのわかりやすい案内サイン標準化指針【東京都版対訳表】,7751,旅館・ホテル
宿泊,,,,,ホテル,,国土交通省　国土数値情報　宿泊容量データ,7751,旅館・ホテル
宿泊,2302,ビジネスホテル,ビジネスホテル,2,ビジネスホテル,,東京都　国内外旅行者のためのわかりやすい案内サイン標準化指針【東京都版対訳表】,7751,旅館・ホテル
宿泊,2303,リゾートホテル,リゾートホテル,3,リゾートホテル,,東京都　国内外旅行者のためのわかりやすい案内サイン標準化指針【東京都版対訳表】,7751,旅館・ホテル
宿泊,2304,旅館,旅館,4,旅館,,東京都　国内外旅行者のためのわかりやすい案内サイン標準化指針【東京都版対訳表】,7751,旅館・ホテル
宿泊,,,,,旅館,,国土交通省　国土数値情報　宿泊容量データ,7751,旅館・ホテル
宿泊,2305,民宿,民宿,5,民宿,,東京都　国内外旅行者のためのわかりやすい案内サイン標準化指針【東京都版対訳表】,7521,簡易宿所
宿泊,,,,,民宿,,国土交通省　国土数値情報　宿泊容量データ,,
宿泊,2306,ユースホステル,ユースホステル,6,ユースホステル,,東京都　国内外旅行者のためのわかりやすい案内サイン標準化指針【東京都版対訳表】,7591,ユースホステル
宿泊,,,,,ユースホステル,,国土交通省　国土数値情報　宿泊容量データ,,
宿泊,2307,ゲストハウス,ゲストハウス,7,ゲストハウス,,東京都　国内外旅行者のためのわかりやすい案内サイン標準化指針【東京都版対訳表】,7521,簡易宿所
宿泊,2308,カプセルホテル,カプセルホテル,8,カプセルホテル,,東京都　国内外旅行者のためのわかりやすい案内サイン標準化指針【東京都版対訳表】,7521,簡易宿所
宿泊,,,,,カプセルホテル,,国土交通省　国土数値情報　宿泊容量データ,,
宿泊,2309,ロッジ,ロッジ,9,ロッジ,,東京都　国内外旅行者のためのわかりやすい案内サイン標準化指針【東京都版対訳表】,7521,簡易宿所
宿泊,2310,バンガロー,バンガロー,10,バンガロー,,東京都　国内外旅行者のためのわかりやすい案内サイン標準化指針【東京都版対訳表】,7521,簡易宿所
宿泊,2311,公共宿泊施設,公共宿泊施設,,公共宿泊施設,,国土交通省　国土数値情報　宿泊容量データ,,
宿泊,2312,ペンション,ペンション,,ペンション,,国土交通省　国土数値情報　宿泊容量データ,7521,簡易宿所
宿泊,2313,宿坊,宿坊,,宿坊,,国土交通省　国土数値情報　宿泊容量データ,7521,簡易宿所
宿泊,2314,コテージ・貸別荘,コテージ・貸別荘・山荘,,コテージ・貸別荘・山荘,,国土交通省　国土数値情報　宿泊容量データ,7521,簡易宿所
宿泊,2315,研修センター,研修センター,,研修センター,,国土交通省　国土数値情報　宿泊容量データ,7591,会社・団体の宿泊所
宿泊,2316,保養所,保養所,,,,,7591,会社・団体の宿泊所
宿泊,2317,ペットホテル,ペットホテル,,ペットホテル,,"OpenStreetMap Wiki, JA:Map Features(2017-11-28)",,
宿泊,2399,その他宿泊施設,その他宿泊施設,,,,,,
飲食,,,,0503,食・グルメ,食をテーマとした観光利用の拠点。,観光庁　観光入込客統計に関する共通基準　観光地点等分類コード ,7611,食堂、レストラン
飲食,2401,レストラン,レストラン,5,レストラン,,東京都　国内外旅行者のためのわかりやすい案内サイン標準化指針【東京都版対訳表】,,
飲食,2402,和食,和食,6,和食,,東京都　国内外旅行者のためのわかりやすい案内サイン標準化指針【東京都版対訳表】,2621,日本料理店
飲食,2403,イタリアン料理,イタリアン料理,7,イタリアン料理,,東京都　国内外旅行者のためのわかりやすい案内サイン標準化指針【東京都版対訳表】,7629,その他専門料理店
飲食,2404,フランス料理,フランス料理,8,フランス料理,,東京都　国内外旅行者のためのわかりやすい案内サイン標準化指針【東京都版対訳表】,7629,その他専門料理店
飲食,2405,中華料理,中華料理,9,中華料理,,東京都　国内外旅行者のためのわかりやすい案内サイン標準化指針【東京都版対訳表】,7623,中華料理店
飲食,2406,居酒屋,居酒屋,10,居酒屋,,東京都　国内外旅行者のためのわかりやすい案内サイン標準化指針【東京都版対訳表】,765,酒場、ビヤホール
飲食,2407,ビアガーデン,ビアガーデン,,ビアガーデン,,"OpenStreetMap Wiki, JA:Map Features(2017-11-28)",765,酒場、ビヤホール
飲食,2408,バー,バー、スナックバー、キャバレー、ナイトクラブ　等,11,バー,,東京都　国内外旅行者のためのわかりやすい案内サイン標準化指針【東京都版対訳表】,766,バー、キャバレー、ナイトクラブ
飲食,2409,ラーメン,ラーメン,12,ラーメン,,東京都　国内外旅行者のためのわかりやすい案内サイン標準化指針【東京都版対訳表】,7624,ラーメン店
飲食,2410,寿司,寿司,13,寿司,,東京都　国内外旅行者のためのわかりやすい案内サイン標準化指針【東京都版対訳表】,764,すし店
飲食,2411,そば,そば,14,そば,,東京都　国内外旅行者のためのわかりやすい案内サイン標準化指針【東京都版対訳表】,763,そば・うどん店
飲食,2412,うどん,うどん,15,うどん,,東京都　国内外旅行者のためのわかりやすい案内サイン標準化指針【東京都版対訳表】,763,そば・うどん店
飲食,2413,ファーストフード,ファーストフード,16,ファーストフード,,東京都　国内外旅行者のためのわかりやすい案内サイン標準化指針【東京都版対訳表】,769,その他の飲食店
飲食,2414,焼肉,焼肉,17,焼肉,,東京都　国内外旅行者のためのわかりやすい案内サイン標準化指針【東京都版対訳表】,7625,焼き肉店
飲食,2415,とんかつ,とんかつ,18,とんかつ,,東京都　国内外旅行者のためのわかりやすい案内サイン標準化指針【東京都版対訳表】,7629,その他専門料理店
飲食,2416,お好み焼き,お好み焼き,19,お好み焼き,,東京都　国内外旅行者のためのわかりやすい案内サイン標準化指針【東京都版対訳表】,7692,お好み焼き、焼きそば、たこ焼き店
飲食,2417,牛丼,牛丼,20,牛丼,,東京都　国内外旅行者のためのわかりやすい案内サイン標準化指針【東京都版対訳表】,7629,その他専門料理店
飲食,2418,すき焼き,すき焼き,21,すき焼き,,東京都　国内外旅行者のためのわかりやすい案内サイン標準化指針【東京都版対訳表】,7629,その他専門料理店
飲食,2419,しゃぶしゃぶ,しゃぶしゃぶ,22,しゃぶしゃぶ,,東京都　国内外旅行者のためのわかりやすい案内サイン標準化指針【東京都版対訳表】,7629,その他専門料理店
飲食,2420,焼き鳥,焼き鳥,23,焼き鳥,,東京都　国内外旅行者のためのわかりやすい案内サイン標準化指針【東京都版対訳表】,7629,その他専門料理店
飲食,2421,カレー,カレー,24,カレー,,東京都　国内外旅行者のためのわかりやすい案内サイン標準化指針【東京都版対訳表】,7629,その他専門料理店
飲食,2422,喫茶店、カフェ,喫茶店、カフェ,,喫茶店、カフェ,,"OpenStreetMap Wiki, JA:Map Features(2017-11-28)",767,喫茶店
飲食,,,,,喫茶店、カフェ,,schema.org(2017-11-28),767,喫茶店
飲食,2423,アイスクリーム店,アイスクリーム店,,アイスクリーム店,,"OpenStreetMap Wiki, JA:Map Features(2017-11-28)",5862,菓子小売業（製造小売でないもの）
飲食,,,,,アイスクリーム店,,schema.org(2017-11-28),5862,菓子小売業（製造小売でないもの）
飲食,2424,インターネットカフェ,インターネットカフェ,,インターネットカフェ,,"OpenStreetMap Wiki, JA:Map Features(2017-11-28)",767,喫茶店
飲食,2499,その他飲食施設,,,,,,,
商業施設（金融）,2501,銀行,信用金庫や協同組合等含む。,3534,銀行,銀行（支店を含む）および信用金庫は記号で表示するただし、規模が大きく特に必要と認められるものは注記で表示する ,国土交通省　都市計画GIS　地物一覧,62,銀行業
商業施設（金融）,2502,両替所,両替所,,銀行・両替,,観光庁　観光立国実現に向けた多言語対応の改善・強化のためのガイドライン,62,銀行業
商業施設（金融）,2503,ATM,ATM,,キャッシュサービス,,観光庁　観光立国実現に向けた多言語対応の改善・強化のためのガイドライン,62,銀行業
商業施設（金融）,2504,消費者金融,消費者金融,,消費者金融,,"OpenStreetMap Wiki, JA:Map Features(2017-11-28)",6411,消費者向け貸金業
商業施設（金融）,2505,証券,証券,,証券金融業,,,6493,証券金融業
商業施設（金融）,2506,質屋,質屋,,質屋,,"OpenStreetMap Wiki, JA:Map Features(2017-11-28)",6098,中古品小売業
商業施設（金融）,,,,,質屋,,schema.org(2017-11-28),,
商業施設（金融）,2507,保険,保険,,保険業,,,67,保険業
商業施設（金融）,2508,協同組合,協同組合,3536,協同組合,協同組合（農業協同組合、漁業協同組合、林業協同組合、酪農協同組合）は、注記で表示することを原則とするが、支所、出張所は記号で表示する ,国土交通省　都市計画GIS　地物一覧,87,協同組合
商業施設（金融）,2599,その他金融関連施設,,,,,,,
商業施設（買物総合）,,,,0599,その他都市型観光（買物・食等）,農水産品等の直売所、物産館等はここに含める。,観光庁　観光入込客統計に関する共通基準　観光地点等分類コード ,,
商業施設（買物総合）,2601,百貨店,百貨店,,百貨店,,"OpenStreetMap Wiki, JA:Map Features(2017-11-28)",5611,百貨店、総合スーパー
商業施設（買物総合）,,,,,百貨店,,schema.org(2017-11-28),5611,百貨店、総合スーパー
商業施設（買物総合）,2602,雑貨店,雑貨店,,雑貨屋,,"OpenStreetMap Wiki, JA:Map Features(2017-11-28)",5699,その他の各種商品小売業
商業施設（買物総合）,,,,,雑貨屋,,schema.org(2017-11-28),5699,その他の各種商品小売業
商業施設（買物総合）,2603,商業施設,複合商業施設、郊外ショッピングセンター　等。,0501,商業施設,郊外ショッピングセンター、駅前商店街等で日常利用が大半を占めるものは含めない。,観光庁　観光入込客統計に関する共通基準　観光地点等分類コード ,,
商業施設（買物総合）,,,,671,商業施設,,国土地理院　電子国土基本図　地物種別コード　注記分類コード,,
商業施設（買物総合）,2604,ショッピングモール,ショッピングモール,,ショッピングモール,,"OpenStreetMap Wiki, JA:Map Features(2017-11-28)",,
商業施設（買物総合）,,,,,ショッピングモール,,schema.org(2017-11-28),,
商業施設（買物総合）,2605,アウトレットモール,アウトレットモール,,,,,,
商業施設（買物総合）,2606,スーパーマーケット,スーパーマーケット,,スーパーマーケット,,"OpenStreetMap Wiki, JA:Map Features(2017-11-28)",5611,百貨店、総合スーパー
商業施設（買物総合）,,,,,スーパーマーケット,,schema.org(2017-11-28),5611,百貨店、総合スーパー
商業施設（買物総合）,2607,商店街,商店街,0502,地区・商店街,朝市・市場等で日常利用が大半を占めるものは含めない。 ,観光庁　観光入込客統計に関する共通基準　観光地点等分類コード ,,
商業施設（買物総合）,2608,日用品店,日用品店,,日用品店,,"OpenStreetMap Wiki, JA:Map Features(2017-11-28)",5699,その他の各種商品小売業
商業施設（買物総合）,,,,,日用品店,,schema.org(2017-11-28),5699,その他の各種商品小売業
商業施設（買物総合）,2609,100円ショップ,100円ショップ,29,100円ショップ,,東京都　国内外旅行者のためのわかりやすい案内サイン標準化指針【東京都版対訳表】,5699,その他の各種商品小売業
商業施設（買物総合）,2610,リサイクルショップ,リサイクルショップ、古着屋,,リサイクルショップ、古着屋,,"OpenStreetMap Wiki, JA:Map Features(2017-11-28)",6098,中古品小売業
商業施設（買物総合）,,,,,バラエティショップ,100円均一など,"OpenStreetMap Wiki, JA:Map Features(2017-11-28)",5699,その他の各種商品小売業
商業施設（買物総合）,2611,ギフトショップ,ギフトショップ,,ギフトショップ,,"OpenStreetMap Wiki, JA:Map Features(2017-11-28)",6099,他に分類されないその他の小売業
商業施設（買物総合）,2612,レンタルショップ,各種製品のレンタル。自動車、CD等の専門店以外。,,,,,,
商業施設（買物総合）,2613,土産物店,土産物店,,,,,,
商業施設（買物総合）,2614,直売所,農協、漁協、ファーマーズ・フィッシャーマンズワーフ等。,,,,,,
商業施設（買物総合）,2615,青空市場・蚤の市,青空市場・のみの市,,,,,,
商業施設（買物総合）,2699,その他総合買い物施設,,,,,,,
商業施設（食物）,2701,食料品店,食料品店,25,食料品店,,東京都　国内外旅行者のためのわかりやすい案内サイン標準化指針【東京都版対訳表】,5811,各種食料品小売業
商業施設（食物）,2702,八百屋,八百屋,,八百屋,,"OpenStreetMap Wiki, JA:Map Features(2017-11-28)",582,野菜・果実小売業
商業施設（食物）,2703,精肉店,精肉店,,精肉店,,"OpenStreetMap Wiki, JA:Map Features(2017-11-28)",583,食肉小売業
商業施設（食物）,2704,鮮魚店,鮮魚店,,鮮魚店,,"OpenStreetMap Wiki, JA:Map Features(2017-11-28)",584,鮮魚小売業
商業施設（食物）,2705,つけもの店,漬物屋,,,,,5897,豆腐・かまぼこ等加工食品小売業
商業施設（食物）,2706,お菓子屋,お菓子屋,,菓子屋,,"OpenStreetMap Wiki, JA:Map Features(2017-11-28)",5861,菓子小売業
商業施設（食物）,2707,洋菓子屋,洋菓子屋,,,,,,
商業施設（食物）,2708,和菓子屋,和菓子屋,,,,,,
商業施設（食物）,2709,パン屋,パン屋,,パン屋,,"OpenStreetMap Wiki, JA:Map Features(2017-11-28)",5863,パン小売業
商業施設（食物）,,,,,パン屋,,schema.org(2017-11-28),5863,パン小売業
商業施設（食物）,2710,コンビニエンスストア,コンビニエンスストア,,コンビニエンスストア,,東京都　国内外旅行者のためのわかりやすい案内サイン標準化指針【東京都版対訳表】,5891,コンビニエンスストア
商業施設（食物）,2711,酒屋,酒屋,,酒屋,,"OpenStreetMap Wiki, JA:Map Features(2017-11-28)",585,酒小売業
商業施設（食物）,,,,,酒屋,,schema.org(2017-11-28),585,酒小売業
商業施設（食物）,2712,茶葉販売店,茶葉及び茶器類の販売,,お茶店,,"OpenStreetMap Wiki, JA:Map Features(2017-11-28)",5894,茶類小売業
商業施設（食物）,2713,コーヒー店,コーヒー屋,,コーヒー店,,"OpenStreetMap Wiki, JA:Map Features(2017-11-28)",5894,茶類小売業
商業施設（食物）,2714,米屋,米屋,,米屋,,,5896,米殻類小売業
商業施設（食物）,2715,豆腐屋,豆腐屋,,豆腐・かまぼこ等加工食品小売業,,,5897,豆腐・かまぼこ等加工食品小売業
商業施設（食物）,2716,かまぼこ等加工食品小売店,かまぼこ等加工食品小売店,,,,,,
商業施設（食物）,2717,乾物屋,乾物屋,,乾物小売業,,,5898,乾物小売業
商業施設（食物）,2718,チーズ店,チーズ店,,チーズ店,,"OpenStreetMap Wiki, JA:Map Features(2017-11-28)",5899,他に分類されない飲食料品小売業
商業施設（食物）,2719,チョコレート店,チョコレート店,,チョコレート店,,"OpenStreetMap Wiki, JA:Map Features(2017-11-28)",5899,他に分類されない飲食料品小売業
商業施設（食物）,2720,乳製品店,乳製品店,,乳製品店,,"OpenStreetMap Wiki, JA:Map Features(2017-11-28)",5892,牛乳小売業
商業施設（食物）,2721,総菜販売店,総菜販売店,,総菜販売店,,"OpenStreetMap Wiki, JA:Map Features(2017-11-28)",771,持ち帰り飲食サービス
商業施設（食物）,2722,仕出し屋,仕出し屋,,仕出し屋,,"OpenStreetMap Wiki, JA:Map Features(2017-11-28)",7721,配達飲食サービス
商業施設（食物）,2723,酒蔵,酒蔵,,酒蔵,,観光庁　観光立国実現に向けた多言語対応の改善・強化のためのガイドライン,1023,清酒製造業
商業施設（食物）,2724,ビール醸造所,ビール醸造所,,ビール醸造所,,"OpenStreetMap Wiki, JA:Map Features(2017-11-28)",1022,ビール類製造業
商業施設（食物）,,,,,ビール醸造所,,schema.org(2017-11-28),1022,ビール類製造業
商業施設（食物）,2725,ワイナリー,ワイナリー,,ワイナリー,,"OpenStreetMap Wiki, JA:Map Features(2017-11-28)",1021,果実酒製造業
商業施設（食物）,,,,,ワイナリー,,schema.org(2017-11-28),1021,果実酒製造業
商業施設（食物）,2726,蒸留所,蒸留所,,蒸留酒・混成酒製造業,,,1024,蒸留酒・混成酒製造業
商業施設（食物）,2727,タバコ屋,タバコ屋,,タバコ屋,,"OpenStreetMap Wiki, JA:Map Features(2017-11-28)",6092,たばこ・喫煙具専門小売業
商業施設（食物）,2728,野菜等無人販売所,野菜等無人販売所,,,,,,
商業施設（食物）,2799,その他食料品販売店,,,,,,,
商業施設（服飾）,2801,紳士衣料店,紳士衣料店,,衣料品店,,"OpenStreetMap Wiki, JA:Map Features(2017-11-28)",572,男子服小売業
商業施設（服飾）,2802,婦人衣料店,婦人衣料店,,衣料品店,,schema.org(2017-11-28),5731,婦人服小売業
商業施設（服飾）,2803,子供服店,子供服店,,子供服小売業,,,5732,子供服小売業
商業施設（服飾）,2804,仕立屋,仕立屋,,仕立屋,,"OpenStreetMap Wiki, JA:Map Features(2017-11-28)",,
商業施設（服飾）,2805,着物屋,和装店を含む,,呉服・服地小売業,,,5711,呉服・服地小売業
商業施設（服飾）,,,,,着物屋,,,,
商業施設（服飾）,2806,革製品店,革製品店,,革製品店,,"OpenStreetMap Wiki, JA:Map Features(2017-11-28)",,
商業施設（服飾）,2807,かばん屋,かばん屋,,かばん屋,,"OpenStreetMap Wiki, JA:Map Features(2017-11-28)",5791,かばん・袋物小売業
商業施設（服飾）,2808,靴屋,靴屋,,靴屋,,"OpenStreetMap Wiki, JA:Map Features(2017-11-28)",574,靴・履物小売業
商業施設（服飾）,,,,,靴屋,,schema.org(2017-11-28),,
商業施設（服飾）,2809,下着屋,下着屋,,下着類小売業,,,5792,下着類小売業
商業施設（服飾）,2810,洋品雑貨屋,洋品雑貨屋,,洋品雑貨,,,5793,洋品雑貨・小間物小売業
商業施設（服飾）,2811,生地屋,生地屋,,生地屋,,"OpenStreetMap Wiki, JA:Map Features(2017-11-28)",,
商業施設（服飾）,2812,裁縫用品店,裁縫用品店,,裁縫用品店,,"OpenStreetMap Wiki, JA:Map Features(2017-11-28)",,
商業施設（服飾）,2813,衣類等リフィーム店,衣類等リフィーム店,,衣服裁縫修理業,,,793,衣服裁縫修理業
商業施設（服飾）,2814,貸衣装店,レンタルウェア、貸衣装,,,,,7093,貸衣しょう業
商業施設（服飾）,2815,時計屋,時計屋,,時計屋,,"OpenStreetMap Wiki, JA:Map Features(2017-11-28)",6082,時計・眼鏡・光学機械小売業
商業施設（服飾）,2816,帽子店,帽子屋,,,,,5793,洋品雑貨・小間物小売業
商業施設（服飾）,2817,眼鏡屋,眼鏡屋,,眼鏡屋,,"OpenStreetMap Wiki, JA:Map Features(2017-11-28)",6082,時計・眼鏡・光学機械小売業
商業施設（服飾）,2818,宝飾店,宝飾店、金・貴金属店,,宝飾店,,"OpenStreetMap Wiki, JA:Map Features(2017-11-28)",6095,ジュエリー製品小売業
商業施設（服飾）,,,,,宝飾店,,schema.org(2017-11-28),,
商業施設（服飾）,2819,クリーニング店,クリーニング店,,クリーニング店,,"OpenStreetMap Wiki, JA:Map Features(2017-11-28)",781,洗濯業
商業施設（服飾）,,,,,クリーニング店,,schema.org(2017-11-28),781,洗濯業
商業施設（服飾）,2820,コインランドリー,コインランドリー,,コインランドリー,,"OpenStreetMap Wiki, JA:Map Features(2017-11-28)",781,洗濯業
商業施設（服飾）,2899,その他服飾関連店,,,,,,,
商業施設（建築）,2901,建設業,建設業,,建設業,,"OpenStreetMap Wiki, JA:Map Features(2017-11-28)",,
商業施設（建築）,2902,工務店,工務店,,工務店,,"OpenStreetMap Wiki, JA:Map Features(2017-11-28)",,
商業施設（建築）,,,,,工務店,,schema.org(2017-11-28),,
商業施設（建築）,2903,建築設計事務所,建築設計事務所,,,,,7421,建築設計業
商業施設（建築）,2904,造園店,造園店,,造園店,,"OpenStreetMap Wiki, JA:Map Features(2017-11-28)",,
商業施設（建築）,,,,,造園店,,schema.org(2017-11-28),,
商業施設（建築）,2905,電気工事店,電気工事店,,電気工事店,,"OpenStreetMap Wiki, JA:Map Features(2017-11-28)",,
商業施設（建築）,,,,,電気工事店,,schema.org(2017-11-28),,
商業施設（建築）,2906,ガラス屋,ガラス屋,,ガラス屋,,"OpenStreetMap Wiki, JA:Map Features(2017-11-28)",,
商業施設（建築）,2907,アルミサッシ店,アルミサッシ店,,,,,0792,金属製建具工事業
商業施設（建築）,2908,カギ屋,カギ屋,,鍵屋,,"OpenStreetMap Wiki, JA:Map Features(2017-11-28)",,
商業施設（建築）,,,,,鍵屋,,schema.org(2017-11-28),,
商業施設（建築）,2909,塗装屋,塗装屋,,塗装屋,,"OpenStreetMap Wiki, JA:Map Features(2017-11-28)",,
商業施設（建築）,2910,塗料店,塗料店,,塗料店,,"OpenStreetMap Wiki, JA:Map Features(2017-11-28)",,
商業施設（建築）,,,,,塗料店,,schema.org(2017-11-28),,
商業施設（建築）,2911,左官屋,左官屋,,左官屋,,"OpenStreetMap Wiki, JA:Map Features(2017-11-28)",,
商業施設（建築）,2912,配管設備店,配管設備店,,配管屋,,"OpenStreetMap Wiki, JA:Map Features(2017-11-28)",,
商業施設（建築）,2913,照明設備店,照明設備店,,照明店,,"OpenStreetMap Wiki, JA:Map Features(2017-11-28)",,
商業施設（建築）,2914,空調設備店,空調設備店,,空調屋,,schema.org(2017-11-28),,
商業施設（建築）,,,,,空調屋,,"OpenStreetMap Wiki, JA:Map Features(2017-11-28)",,
商業施設（建築）,2915,不動産屋,不動産屋,,不動産屋,,schema.org(2017-11-28),68,不動産取引業
商業施設（建築）,2999,その他建築関連店,,,,,,,
商業施設（家財、内装）,3001,家具屋,家具屋,,家具屋,,"OpenStreetMap Wiki, JA:Map Features(2017-11-28)",6011,家具小売業
商業施設（家財、内装）,,,,,家具屋,,schema.org(2017-11-28),,
商業施設（家財、内装）,3002,建具屋,建具屋,,建具小売業,,,6012,建具小売業
商業施設（家財、内装）,3003,畳屋,畳屋,,畳小売業,,,6013,畳小売業
商業施設（家財、内装）,3004,寝具店,寝具店,,寝具店,,"OpenStreetMap Wiki, JA:Map Features(2017-11-28)",5712,寝具小売業
商業施設（家財、内装）,3005,カーテン店,カーテン店,,カーテン店,,"OpenStreetMap Wiki, JA:Map Features(2017-11-28)",5712,寝具小売業
商業施設（家財、内装）,3006,絨毯屋,絨毯屋,,絨毯屋,,"OpenStreetMap Wiki, JA:Map Features(2017-11-28)",5712,寝具小売業
商業施設（家財、内装）,3099,その他家財、内装店,,,,,,,
商業施設（生活）,3101,赤ちゃん用品店,赤ちゃん用品店,,赤ちゃん用品,,"OpenStreetMap Wiki, JA:Map Features(2017-11-28)",,
商業施設（生活）,3102,床屋,床屋,,床屋、美容院,,"OpenStreetMap Wiki, JA:Map Features(2017-11-28)",782,理容業
商業施設（生活）,3103,美容院,美容院,,床屋、美容院,,schema.org(2017-11-28),783,美容業
商業施設（生活）,3104,ビューティーサロン,ビューティーサロン,,ビューティーサロン,,schema.org(2017-11-28),7892,エステティック業
商業施設（生活）,3105,マッサージ、整体店,マッサージ、整体店,,マッサージ、整体,,"OpenStreetMap Wiki, JA:Map Features(2017-11-28)",7893,リラクゼーション業
商業施設（生活）,3106,ネイルサービス,ネイルサービス,,ネイルサービス業,,,7894,ネイルサービス業
商業施設（生活）,3107,化粧品店,化粧品店,,化粧品店,,"OpenStreetMap Wiki, JA:Map Features(2017-11-28)",6034,化粧品小売業
商業施設（生活）,3108,香水店,香水店,,香水店,,"OpenStreetMap Wiki, JA:Map Features(2017-11-28)",,
商業施設（生活）,3109,花屋,花屋,,花屋,,"OpenStreetMap Wiki, JA:Map Features(2017-11-28)",6093,花・植木小売業
商業施設（生活）,,,,,花屋,,schema.org(2017-11-28),,
商業施設（生活）,3110,金物屋,金物屋,,金物屋,,"OpenStreetMap Wiki, JA:Map Features(2017-11-28)",6021,金物小売業
商業施設（生活）,3111,陶磁器・ガラス器店,陶磁器・ガラス器店,,陶磁器・ガラス器小売業,,,6023,陶磁器・ガラス器小売業
商業施設（生活）,3112,キッチン用品店,キッチン用品店,,キッチン用品店,,"OpenStreetMap Wiki, JA:Map Features(2017-11-28)",,
商業施設（生活）,3113,風呂用品店,風呂用品店,,風呂用品店,,"OpenStreetMap Wiki, JA:Map Features(2017-11-28)",,
商業施設（生活）,3114,防犯・安全用品店,防犯・安全用品店,,防犯・安全用品店,,"OpenStreetMap Wiki, JA:Map Features(2017-11-28)",,
商業施設（生活）,3115,電器店,電器店,,電器屋,,"OpenStreetMap Wiki, JA:Map Features(2017-11-28)",5931,電気機械器具小売業
商業施設（生活）,,,,,電器屋,,schema.org(2017-11-28),,
商業施設（生活）,3116,パソコン店,パソコン店,,パソコン店,,"OpenStreetMap Wiki, JA:Map Features(2017-11-28)",,
商業施設（生活）,,,,,パソコン店,,schema.org(2017-11-28),,
商業施設（生活）,,,,,携帯電話屋,,"OpenStreetMap Wiki, JA:Map Features(2017-11-28)",,
商業施設（生活）,,,,,携帯電話屋,,schema.org(2017-11-28),,
商業施設（生活）,,,,,日曜大工店,,"OpenStreetMap Wiki, JA:Map Features(2017-11-28)",,
商業施設（生活）,3117,携帯電話店,携帯電話店,,,,,5931,電気機械器具小売業
商業施設（生活）,3118,ホームセンター,ホームセンター,,ホームセンター,,,6091,ホームセンター
商業施設（生活）,,,,,建築資材店,,"OpenStreetMap Wiki, JA:Map Features(2017-11-28)",6094,建築材料小売業
商業施設（生活）,3119,刃物店,ナイフ、包丁等を小売りする,,,,,6021,金物小売業 
商業施設（生活）,3120,旅行代理店,旅行代理店,,旅行代理店,,"OpenStreetMap Wiki, JA:Map Features(2017-11-28)",791,旅行業
商業施設（生活）,,,,,旅行代理店,,schema.org(2017-11-28),791,旅行業
商業施設（生活）,3121,チケットオフィス,チケットオフィス,,チケットオフィス,,"OpenStreetMap Wiki, JA:Map Features(2017-11-28)",7999,他に分類されないその他の生活関連サービス業
商業施設（生活）,3122,宝くじ屋,宝くじ屋,,宝くじ屋,,"OpenStreetMap Wiki, JA:Map Features(2017-11-28)",7999,他に分類されないその他の生活関連サービス業
商業施設（生活）,3123,新聞販売店,新聞販売店,,新聞販売店,,"OpenStreetMap Wiki, JA:Map Features(2017-11-28)",6063,新聞小売業
商業施設（生活）,3124,文房具店,文房具店,,文房具屋,,"OpenStreetMap Wiki, JA:Map Features(2017-11-28)",6064,紙・文房具小売業
商業施設（生活）,3125,引越屋,引越屋,,引越屋,,schema.org(2017-11-28),,
商業施設（生活）,3199,その他生活関連店,,,,,,,
商業施設（エネルギー）,3201,燃料販売店,主として灯油，プロパンガス，石炭，まきなどの燃料を小売する事業所,,燃料販売店,,"OpenStreetMap Wiki, JA:Map Features(2017-11-28)",6052,燃料小売業
商業施設（エネルギー）,3202,ガソリンスタンド,ガソリンスタンド,3560,ガソリンスタンド,ガソリンスタンド（ガススタンド等を含む）は、すべて記号で 表示する,国土交通省　都市計画GIS　地物一覧,6051,ガソリンスタンド
商業施設（エネルギー）,3203,電気自動車の充電施設,電気自動車の充電施設,,電気自動車の充電施設,"OpenStreetMap Wiki, JA:Map Features(2017-11-28)",,,
商業施設（エネルギー）,3204,水素充填ステーション,水素充填ステーション,,水素充填ステーション,,,,
商業施設（エネルギー）,3299,その他エネルギー販売店,,,,,,,
商業施設（移動）,3301,自動車販売店,中古含む,,カーディーラー,,"OpenStreetMap Wiki, JA:Map Features(2017-11-28)",591,自動車小売業
商業施設（移動）,,,,,カーディーラー,,schema.org(2017-11-28),591,自動車小売業
商業施設（移動）,3302,自動車修理屋,自動車修理屋,,自動車修理屋,,"OpenStreetMap Wiki, JA:Map Features(2017-11-28)",891,自動車整備業
商業施設（移動）,,,,,自動車修理屋,,schema.org(2017-11-28),891,自動車整備業
商業施設（移動）,3303,自動車用品店,自動車用品店,,自動車用品店,,"OpenStreetMap Wiki, JA:Map Features(2017-11-28)",5913,自動車部分品・附属品小売業
商業施設（移動）,,,,,自動車用品店,,schema.org(2017-11-28),5913,自動車部分品・附属品小売業
商業施設（移動）,3304,洗車場,洗車場,,洗車場,,"OpenStreetMap Wiki, JA:Map Features(2017-11-28)",8919,その他の自動車整備業
商業施設（移動）,,,,,洗車場,,schema.org(2017-11-28),,
商業施設（移動）,3305,バイク店,中古含む,,バイク屋,,"OpenStreetMap Wiki, JA:Map Features(2017-11-28)",5914,二輪自動車小売業
商業施設（移動）,,,,,バイク屋,,schema.org(2017-11-28),5914,二輪自動車小売業
商業施設（移動）,3306,自転車屋,自転車屋,,自転車屋,,"OpenStreetMap Wiki, JA:Map Features(2017-11-28)",592,自転車小売業
商業施設（移動）,3399,その他移動関連店,,,,,,,
商業施設（趣味）,3401,アウトドア用品店,アウトドア用品店,,アウトドア用品店,,"OpenStreetMap Wiki, JA:Map Features(2017-11-28)",6071,スポーツ用品小売業
商業施設（趣味）,3402,釣具店,釣具店,,釣具店,,"OpenStreetMap Wiki, JA:Map Features(2017-11-28)",6071,スポーツ用品小売業
商業施設（趣味）,3403,船具店,船舶・ヨット・ボート用品、漁網、漁具などを小売,,,,,,
商業施設（趣味）,3404,狩猟用品店,狩猟用品店,,狩猟用品店,,"OpenStreetMap Wiki, JA:Map Features(2017-11-28)",6071,スポーツ用品小売業
商業施設（趣味）,3405,ダイビングショップ,ダイビングショップ,,ダイビングショップ,,"OpenStreetMap Wiki, JA:Map Features(2017-11-28)",6071,スポーツ用品小売業
商業施設（趣味）,3406,スキー用品店,スキー用品店,,スキー用品店,,"OpenStreetMap Wiki, JA:Map Features(2017-11-28)",6071,スポーツ用品小売業
商業施設（趣味）,3407,スポーツ用品店,スポーツ用品店,,スポーツ用品店,,"OpenStreetMap Wiki, JA:Map Features(2017-11-28)",6071,スポーツ用品小売業
商業施設（趣味）,,,,,スポーツ用品店,,schema.org(2017-11-28),,
商業施設（趣味）,3408,カメラ屋,カメラ屋・写真館,,カメラ屋・写真館,,"OpenStreetMap Wiki, JA:Map Features(2017-11-28)",6081,写真機・写真材料小売業
商業施設（趣味）,3409,アンティークショップ,アンティークショップ,,アンティークショップ,,"OpenStreetMap Wiki, JA:Map Features(2017-11-28)",6097,骨とう品小売業
商業施設（趣味）,3410,美術品店,画廊等,,美術品店,画廊等,"OpenStreetMap Wiki, JA:Map Features(2017-11-28)",6099,他に分類されないその他の小売業
商業施設（趣味）,,,,,美術品店,,schema.org(2017-11-28),,
商業施設（趣味）,3411,コレクターショップ,切手、コイン等,,コレクターショップ,切手、コイン等,"OpenStreetMap Wiki, JA:Map Features(2017-11-28)",6099,他に分類されないその他の小売業
商業施設（趣味）,3412,工芸店,工芸店、工房。伝統工芸、伝統産業を含む。,,工芸店,,"OpenStreetMap Wiki, JA:Map Features(2017-11-28)",6099,他に分類されないその他の小売業
商業施設（趣味）,3413,窯元,窯元,,窯元,,"OpenStreetMap Wiki, JA:Map Features(2017-11-28)",21,窯業・土石製品製造業
商業施設（趣味）,,,,,工房,,"OpenStreetMap Wiki, JA:Map Features(2017-11-28)",,
商業施設（趣味）,3414,ゲームセンター,主としてスロットマシン，テレビゲーム機などの遊戯を行うための施設を提供する事業所,,ゲームセンター,,"OpenStreetMap Wiki, JA:Map Features(2017-11-28)",8065,ゲームセンター
商業施設（趣味）,3415,模型店,模型店,,模型店,,"OpenStreetMap Wiki, JA:Map Features(2017-11-28)",6072,がん具・娯楽用品小売業
商業施設（趣味）,3416,CD店,CD店,,レコード店,,"OpenStreetMap Wiki, JA:Map Features(2017-11-28)",6073,楽器小売業
商業施設（趣味）,,,,,レコード店,,schema.org(2017-11-28),6073,楽器小売業
商業施設（趣味）,3417,ビデオ店,レンタル店含む,,ビデオ店,レンタル店含む,"OpenStreetMap Wiki, JA:Map Features(2017-11-28)",6073,楽器小売業
商業施設（趣味）,,,,,ビデオ店,,schema.org(2017-11-28),6073,楽器小売業
商業施設（趣味）,3418,アニメ専門店,アニメ専門店,,アニメ専門店,,"OpenStreetMap Wiki, JA:Map Features(2017-11-28)",6072,がん具・娯楽用品小売業
商業施設（趣味）,3419,本屋,古本を含む,,本屋,,"OpenStreetMap Wiki, JA:Map Features(2017-11-28)",6061,書籍、雑誌小売業
商業施設（趣味）,,,,,本屋,,schema.org(2017-11-28),6061,書籍、雑誌小売業
商業施設（趣味）,3420,楽器屋,楽器屋,,楽器屋,,"OpenStreetMap Wiki, JA:Map Features(2017-11-28)",6073,楽器小売業
商業施設（趣味）,3421,ピアノ屋,ピアノ屋,,ピアノ屋,,"OpenStreetMap Wiki, JA:Map Features(2017-11-28)",6073,楽器小売業
商業施設（趣味）,3422,おもちゃ屋,おもちゃ屋,,おもちゃ屋,,"OpenStreetMap Wiki, JA:Map Features(2017-11-28)",6072,がん具・娯楽用品小売業
商業施設（趣味）,,,,,おもちゃ屋,,schema.org(2017-11-28),6072,がん具・娯楽用品小売業
商業施設（趣味）,3423,ホビーショップ,ホビーショップ,,ホビーショップ,,schema.org(2017-11-28),6072,がん具・娯楽用品小売業
商業施設（趣味）,3424,ペットショップ,ペットショップ,,ペットショップ,,"OpenStreetMap Wiki, JA:Map Features(2017-11-28)",6096,ペット・ペット用品小売業
商業施設（趣味）,,,,,ペットショップ,,schema.org(2017-11-28),6096,ペット・ペット用品小売業
商業施設（趣味）,3425,ドッグラン,ドッグラン,,ドッグラン,,"OpenStreetMap Wiki, JA:Map Features(2017-11-28)",,
商業施設（趣味）,3499,その他趣味関連店,,,,,,,
商業施設（人生）,3501,結婚式場,結婚式場,,結婚式場業,,,7962,結婚式場業
商業施設（人生）,3502,葬儀屋,葬儀屋,,葬儀屋,,"OpenStreetMap Wiki, JA:Map Features(2017-11-28)",7961,葬儀業
商業施設（人生）,3503,宗教関連用品店,宗教関連用品店,,宗教関連用品店,仏具屋など,"OpenStreetMap Wiki, JA:Map Features(2017-11-28)",6014,宗教用具小売業
商業施設（人生）,3599,その他人生関連店,,,,,,,
商業施設（その他）,3601,事務機器店,事務機器店,,事務機器店,,schema.org(2017-11-28),5932,電気事務機械器具小売業
商業施設（その他）,3602,微章店,微章店,,微章店,,"OpenStreetMap Wiki, JA:Map Features(2017-11-28)",6099,他に分類されないその他の小売業
商業施設（その他）,3603,印章店,印章店,,,,,,
商業施設（その他）,3604,印刷屋,印刷屋,,印刷屋,,"OpenStreetMap Wiki, JA:Map Features(2017-11-28)",151,印刷業
商業施設（その他）,3605,電子機器店,電子機器店,,電子機器店,,"OpenStreetMap Wiki, JA:Map Features(2017-11-28)",,
商業施設（その他）,3606,鉄工所,鉄工所,,鉄工所,,"OpenStreetMap Wiki, JA:Map Features(2017-11-28)",,
商業施設（その他）,3607,金属加工所,金属加工所,,金属加工所,,"OpenStreetMap Wiki, JA:Map Features(2017-11-28)",,
商業施設（その他）,3608,製材所、材木屋,製材所、材木屋,,製材所、材木屋,,"OpenStreetMap Wiki, JA:Map Features(2017-11-28)",,
商業施設（その他）,3609,石材加工店,石材加工店,,石材加工店,,"OpenStreetMap Wiki, JA:Map Features(2017-11-28)",,
商業施設（その他）,3610,テント屋,テント屋。帆布製品など。,,テント屋,,"OpenStreetMap Wiki, JA:Map Features(2017-11-28)",1194,帆布製品製造業
商業施設（その他）,3611,養蜂場,養蜂場,,養蜂場,,"OpenStreetMap Wiki, JA:Map Features(2017-11-28)",0129,その他の畜産農業
商業施設（その他）,3612,農機具店,農機具店,,農機具店,,"OpenStreetMap Wiki, JA:Map Features(2017-11-28)",6041,農業用機械器具小売業
商業施設（その他）,3613,農耕用品店,農耕用品店,,農耕用品小売業,,,604,農耕用品小売業
商業施設（その他）,3614,製本所,製本所,,製本所,,"OpenStreetMap Wiki, JA:Map Features(2017-11-28)",1531,製本業
商業施設（その他）,3615,花火屋,花火屋,,花火屋,,"OpenStreetMap Wiki, JA:Map Features(2017-11-28)",3291,煙火製造業
商業施設（その他）,3616,材料置場,材料置場,6216,材料置場,木材、石材、鉱石等を集積するための土地または水面で、概ね75.0m×75.0m以上のもの工場等の敷地内 のものは含まない      ,国土交通省　都市計画GIS　地物一覧,,
商業施設（その他）,3617,火薬庫,火薬庫,3546,火薬庫,火薬庫は、専用に使用されているものについて記号で表示する      ,国土交通省　都市計画GIS　地物一覧,,
商業施設（その他）,3618,危険物保管所,危険物保管所,,,,,,
商業施設（その他）,3619,と畜場,食用に供する目的で獣畜（牛，馬，豚，めん羊及び山羊をいう）をと殺し又は解体するために設けられた事業所,0734,と畜場,都市計画法第 11 条第 1 項第 7 号で定められる施設 ,国土交通省　都市計画GIS　地物一覧,9521,と畜場
商業施設（その他）,3620,テレビ局,テレビ局,,テレビ局,,schema.org(2017-11-28),3821,テレビジョン放送業
商業施設（その他）,3621,ラジオ局,ラジオ局,,,,,3822,ラジオ放送業
商業施設（その他）,3699,その他産業施設,,,,,,,
陸上交通,3701,道路,道路,0701,道路,都市計画法第 11 条第 1 項第 1 号で定められる施設 ,国土交通省　都市計画GIS　地物一覧,,
陸上交通,,,,413,道路構造物（橋、トンネル等）,,国土地理院　電子国土基本図　地物種別コード　注記分類コード,,
陸上交通,3702,トンネル,トンネル,2219,道路のトンネル,道路のトンネルの出入り口,国土交通省　都市計画GIS　地物一覧,,
陸上交通,3703,橋,橋,2203,道路橋,橋梁部の長さが 2.5m 以上で幅員が 1.0m 以上の道 路橋（高架橋を含む）,国土交通省　都市計画GIS　地物一覧,,
陸上交通,3704,インターチェンジ,インターチェンジ,1,インターチェンジ,,国土交通省　国土数値情報　高速道路時系列データ　接合部種別コード,,
陸上交通,3705,スマートインターチェンジ,スマートインターチェンジ,2,スマートインターチェンジ,,国土交通省　国土数値情報　高速道路時系列データ　接合部種別コード,,
陸上交通,3706,ジャンクション,ジャンクション,3,ジャンクション,,国土交通省　国土数値情報　高速道路時系列データ　接合部種別コード,,
陸上交通,3707,サービスエリア,サービスエリア,,,,,,
陸上交通,3708,パーキングエリア,パーキングエリア,,,,,,
陸上交通,3709,料金所,料金所,654,料金所,,国土地理院　電子国土基本図　地物種別コード　注記分類コード,,
陸上交通,3710,道の駅,道の駅,,道の駅,,,,
陸上交通,,,,2205,徒橋,幅員が 1.0m 未満の道路橋 ,国土交通省　都市計画GIS　地物一覧,,
陸上交通,3711,並木,並木,2238,並木,道路外縁、道路の歩道、および幅員が1.0m 以上の分 離帯に、延長が 25m 以上にわたって道路に沿って整然 と植樹された樹木ただし、歩道がない場合、並木は取得 しない ,国土交通省　都市計画GIS　地物一覧,,
陸上交通,3712,横断歩道橋,横断歩道橋,2211,横断歩道橋,道路又は鉄道の横断歩道橋,国土交通省　都市計画GIS　地物一覧,,
陸上交通,3713,横断歩道,横断歩道,,横断歩道,,"OpenStreetMap Wiki, JA:Map Features(2017-11-28)",,
陸上交通,3714,信号,信号,,信号,,"OpenStreetMap Wiki, JA:Map Features(2017-11-28)",,
陸上交通,3715,歩道,歩道,2213,歩道,幅員が 1.5m 以上の歩道,国土交通省　都市計画GIS　地物一覧,,
陸上交通,3716,石段,石段,2214,石段,延長が概ね 5.0m 以上の石段の境界で、幅員が 1.25m 以上のもの競技場等で屋根のない階段状の観 覧席も含まれる ,国土交通省　都市計画GIS　地物一覧,,
陸上交通,3717,坂,坂,,,,,,
陸上交通,3718,地下街・地下鉄等出入口,地下街・地下鉄等出入口,2215,地下街・地下鉄等出入口,地下街または地下鉄の出入り口ただし、建物の内部にあ る地下街・地下鉄等出入り口は取得しない ,国土交通省　都市計画GIS　地物一覧,,
陸上交通,,,,0706,軌道,都市計画法第 11 条第 1 項第 1 号で定められる施設 ,国土交通省　都市計画GIS　地物一覧,,
陸上交通,,,,0702,都市高速鉄道,都市計画法第 11 条第 1 項第 1 号で定められる施設 ,国土交通省　都市計画GIS　地物一覧,,
陸上交通,3719,駅,鉄道の駅,422,鉄道駅,（普通鉄道、路面電車、特殊鉄道、索道の駅）,国土地理院　電子国土基本図　地物種別コード　注記分類コード,,
陸上交通,3720,ロープウェイ駅,ロープウェイの駅,,交走式ロープウェイ,,"OpenStreetMap Wiki, JA:Map Features(2017-11-28)",,
陸上交通,3721,ケーブルカー駅,ケーブルカーの駅,,,,,,
陸上交通,3722,ゴンドラリフト駅,ゴンドラリフト乗り場,,ゴンドラリフト,,"OpenStreetMap Wiki, JA:Map Features(2017-11-28)",,
陸上交通,3723,チェアリフト駅,チェアリフト乗り場,,チェアリフト,,"OpenStreetMap Wiki, JA:Map Features(2017-11-28)",,
陸上交通,,,,,ライトレール,,"OpenStreetMap Wiki, JA:Map Features(2017-11-28)",,
陸上交通,3724,路面電車駅,路面電車、ライトレールの駅,2421,停留所,路面の鉄道の駅,国土交通省　都市計画GIS　地物一覧,,
陸上交通,3725,踏切,踏切,,,,,,
陸上交通,3726,バスターミナル,バスターミナル,0704,自動車ターミナル,都市計画法第 11 条第 1 項第 1 号で定められる施設 ,国土交通省　都市計画GIS　地物一覧,,
陸上交通,,,,,バス乗り場,,観光庁　観光立国実現に向けた多言語対応の改善・強化のためのガイドライン,,
陸上交通,3727,バス停,バス停,,バス停留所,,東京都　国内外旅行者のためのわかりやすい案内サイン標準化指針【東京都版対訳表】,,
陸上交通,3728,タクシー乗り場,タクシー乗り場,,タクシー乗り場,,観光庁　観光立国実現に向けた多言語対応の改善・強化のためのガイドライン,,
陸上交通,3729,レンタカー,レンタカー店,,レンタカー,,観光庁　観光立国実現に向けた多言語対応の改善・強化のためのガイドライン,704,自動車賃貸業
陸上交通,3730,カーシェアリング地点,カーシェアリングの位置,,カーシェアリング,,"OpenStreetMap Wiki, JA:Map Features(2017-11-28)",704,自動車賃貸業
陸上交通,3731,駐車場,駐車場,0703,駐車場,都市計画法第 11 条第 1 項第 1 号で定められる施設 ,国土交通省　都市計画GIS　地物一覧,693,駐車場業
陸上交通,,,,6212,駐車場,一般車が利用可能なもの、および月極駐車場で、 10.0m×10.0m 以上のもの公共施設、工場、および 店舗等の敷地内にある駐車場は含まれない ,国土交通省　都市計画GIS　地物一覧,,
陸上交通,,,,412,道路施設（ＩＣ、PA、道の駅等）,,国土地理院　電子国土基本図　地物種別コード　注記分類コード,,
陸上交通,3732,駐輪場,駐輪場,,駐輪場,,東京都　国内外旅行者のためのわかりやすい案内サイン標準化指針【東京都版対訳表】,,
陸上交通,3733,レンタサイクル,レンタサイクル,,レンタサイクル,,東京都　国内外旅行者のためのわかりやすい案内サイン標準化指針【東京都版対訳表】,705,スポーツ・娯楽用品賃貸業
陸上交通,3734,オートバイ駐輪場,オートバイの駐輪場,,オートバイの駐輪場,,"OpenStreetMap Wiki, JA:Map Features(2017-11-28)",,
陸上交通,3799,その他陸上交通施設,,,,,,,
航空交通,3801,空港,空港,441,空港名,,国土地理院　電子国土基本図　地物種別コード　注記分類コード,,
航空交通,,,,0705,空港,都市計画法第 11 条第 1 項第 1 号で定められる施設 ,国土交通省　都市計画GIS　地物一覧,,
航空交通,3802,ヘリポート,ヘリポート,,ヘリコプター/ヘリポート,,観光庁　観光立国実現に向けた多言語対応の改善・強化のためのガイドライン,,
航空交通,3899,その他航空施設,,,,,,,
海上交通,3901,港湾,港湾,6361,港湾,港湾法に基づく港湾。,国土地理院　電子国土基本図　地物種別コード,,
海上交通,,,,0707,港湾,都市計画法第 11 条第 1 項第 1 号で定められる施設 ,国土交通省　都市計画GIS　地物一覧,,
海上交通,,,,431,港湾,,国土地理院　電子国土基本図　地物種別コード　注記分類コード,,
海上交通,3902,フェリー乗り場,フェリー乗り場,432,港湾施設（フェリー発着所、埠頭等）,,国土地理院　電子国土基本図　地物種別コード　注記分類コード,,
海上交通,3903,埠頭,埠頭,,,,,,
海上交通,3904,桟橋,桟橋,52-,桟橋（鉄、ｺﾝｸﾘｰﾄ）,谷を横切って高く架けた橋のうち、鉄またはコンクリートで 作られたもの幅が 1.0m 以上、および長さが 10.0m 以 上の桟橋を取得する ,国土交通省　都市計画GIS　地物一覧,,
海上交通,3905,漁港,漁港,533,漁港,,国土地理院　電子国土基本図　地物種別コード　注記分類コード,,
海上交通,,,,6362,漁港,漁港漁場設置法に基づく漁港,国土地理院　電子国土基本図　地物種別コード,,
海上交通,3906,灯台,灯台,3221,灯台,航路標識法に定める航路標識のうち、国が設置及び管理している 灯台,国土地理院　電子国土基本図　地物種別コード,,
海上交通,,,,4241,灯台,航路標識のひとつで、船舶に陸上の特定の位置を示す ために設置する塔状の構造物原則としてすべて取得する ,国土交通省　都市計画GIS　地物一覧,,
海上交通,3907,灯標,灯標,4243,灯標,航路標識のうち、灯標、灯柱、および導標について、固定された規模の大きなもの      ,国土交通省　都市計画GIS　地物一覧,,
海上交通,3908,水位観測所,水位観測所,4251,水位観測所,主要な水位観測所ただし、ポール等の量水標は含まれない      ,国土交通省　都市計画GIS　地物一覧,,
海上交通,,,,5203,桟橋（木製・浮桟橋）,谷を横切って高く架けた橋のうち、木製のもの、または大きな浮き箱をつなぎ並べて桟橋としたもの幅が 1.0m 以 上、および長さが 10.0m 以上の桟橋を取得する     ,国土交通省　都市計画GIS　地物一覧,,
海上交通,3909,渡船発着所,渡船発着所,5221,渡船発着所,定期的に人または車両を運搬する船舶の発着所及び遊 覧船の発着所 ,国土交通省　都市計画GIS　地物一覧,,
海上交通,3910,観光船発着所,観光船発着所,,,,,,
海上交通,3999,その他海上交通施設,,,,,,,
物流,4001,物流拠点,物流拠点,,物流拠点,,国土交通省　国土数値情報　物流拠点データ,,
物流,4002,コンテナターミナル,コンテナターミナル,1,コンテナターミナル,港湾にあるコンテナターミナル。フェリー、RO/RO船発着所等の実質的に物流がある港や埠頭も含む,国土交通省　国土数値情報　物流拠点データ　種別コード,,
物流,4003,航空貨物ターミナル,航空貨物ターミナル,2,航空貨物ターミナル,航空貨物ターミナル。,国土交通省　国土数値情報　物流拠点データ　種別コード,,
物流,4004,鉄道貨物駅,鉄道貨物駅,3,鉄道貨物駅,コンテナを取り扱う専用線以外の鉄道貨物駅,国土交通省　国土数値情報　物流拠点データ　種別コード,,
物流,4005,保税地域,保税地域,4,保税地域,保税地域の内、指定保税地域、保税蔵置場、総合保税地域,国土交通省　国土数値情報　物流拠点データ　種別コード,,
物流,4006,トラックターミナル,トラックターミナル,5,トラックターミナル,トラックターミナル法上のトラックターミナルおよび特別積合せ事業者のトラックターミナル,国土交通省　国土数値情報　物流拠点データ　種別コード,,
物流,4007,卸売市場,卸売市場,7,卸売市場,中央卸売市場および地方卸売市場,国土交通省　国土数値情報　物流拠点データ　種別コード,,
物流,,,,0733,市場,都市計画法第 11 条第 1 項第 7 号で定められる施設 ,国土交通省　都市計画GIS　地物一覧,,
物流,,,,3545,倉庫,倉庫は、専用に使用されているものについて記号で表示する ,国土交通省　都市計画GIS　地物一覧,47,倉庫業
物流,,,,,レンタル倉庫,,"OpenStreetMap Wiki, JA:Map Features(2017-11-28)",,
物流,,,,0738,流通業務団地,都市計画法第11条第1項第10号で定められる施設 ,国土交通省　都市計画GIS　地物一覧,,
物流,4099,その他物流施設,,,,,,,